question_id,question,reference_answer,generated_answer,cosine_similarity_pct,classification
1,ماهو نظام القبول في الجامعة وماذا يعني القبول السنوي؟,قبول المنح الداخلية والخارجية يخضع لمعايير عديدة، ويتم بعدها رفع بيانات المرشحين لوزارة التعليم لأخذ الموافقات اللازمة وإبلاغ المقبولين عبر رسائل الجوال أو الإيميل.,يخضع قبول المنح الداخلية والخارجية لعدة معايير، يتم بعدها تقديم بيانات المرشحين إلى وزارة التربية والتعليم للحصول على الموافقات اللازمة وإبلاغ المقبولين عبر رسائل الجوال أو البريد الإلكتروني.,36.49,متوسط
2,كيف أقوم بطلب بنر (سلايدر) رئيسي متحرك على موقع الجامعة؟,"رفع الإعلان أو الخبر من خلال مسؤول القطاع.
يقوم المركز الإعلامي بالاطلاع على الإعلان أو الخبر المقدم من الجهة من خلال النظام والموافقة عليه.
يقوم المركز الإعلامي بالتواصل مع تقنية المعلومات لطلب وضع بنر (سلايدر) رئيسي على موقع الجامعة مع التزويد برابط الإعلان أو الخبر المطلوب ربطه بالبنر.",تقديم الإعلان أو الخبر من خلال مسؤول القطاع. يقوم المركز الإعلامي بمراجعة الإعلان أو الخبر المقدم من الجهة عبر النظام والموافقة عليه. يقوم المركز الإعلامي بالاتصال بتكنولوجيا المعلومات لطلب وضع لافتة رئيسية (سلايدر) على موقع الجامعة مع توفير رابط للإعلان أو الخبر المراد ربطه باللافتة.,61.72,مرتفع
3,كيف أبحث عن تحويلة موظف؟,"عن طريق الدخول إلى ""دليل المنسوبين"" في موقع الجامعة – تبويب موظفون أو أعضاء هيئة التدريس – المزيد من الخدمات، أو الاتصال على سنترال الجامعة (8888).
اضغط هنا للدخول على قاعدة المعرفة.","من خلال الدخول على ""دليل الموظفين"" بموقع الجامعة - تبويب الموظفين أو أعضاء هيئة التدريس - المزيد من الخدمات، أو عن طريق الاتصال على مركز الجامعة (8888). انقر هنا للوصول إلى قاعدة المعرفة.",45.28,متوسط
4,أريد إضافة (الصفر) إلى التحويلة؟,"إذا كان طالب الخدمة (وكيل/ة أو رئيس/ة قسم):
رفع خطاب رسمي إلى عمادة تقنية المعلومات بطلب إضافة (الصفر) إلى التحويلة مع ذكر كامل البيانات بالإضافة إلى رقم التحويلة وإرفاق قرار التكليف.
إذا كان طالب الخدمة (موظف/ة):
رفع خطاب رسمي من وكيل/ة القسم إلى عمادة تقنية المعلومات بطلب إضافة (الصفر) إلى التحويلة مع ذكر كامل البيانات بالإضافة إلى رقم التحويلة فقط.",إذا كان طالب الخدمة (وكيل أو رئيس قسم): تقديم كتاب رسمي إلى عمادة تقنية المعلومات بطلب إضافة (صفر) للتحويل، مع ذكر كافة البيانات بالإضافة إلى رقم التحويل، وإرفاق قرار الندب. إذا كان طالب الخدمة موظفاً: تقديم كتاب رسمي من ممثل القسم إلى عمادة تقنية المعلومات بطلب إضافة (صفر) للتحويل مع ذكر كافة البيانات بالإضافة إلى رقم التحويل فقط.,48.31,متوسط
5,عند تحديث البيانات في الخدمات الذاتية لا يتم قبول البيانات المدخلة في الحقول التي تحتوي على (مجهر / مكبر)؟,"هناك شرح في قاعدة المعرفة (الرابط).
لابد من تعبئة هذا النوع من الحقول عن طريق الضغط على (المجهر/المكبر) والاختيار من القائمة الموجودة، ومن ثم النقر على (انتقال) لكي تظهر الخيارات المتاحة.",يوجد شرح في قاعدة المعرفة (رابط). ويجب تعبئة هذا النوع من الحقول من خلال الضغط على (المجهر/المكبر) والاختيار من القائمة الموجودة، ثم الضغط على (انتقال) لتظهر الخيارات المتاحة.,54.14,متوسط
6,أريد تغيير كلمة مرور الخدمات الذاتية؟,توجه إلى خدمة استعادة كلمة مرور الخدمات الذاتية (الرابط).,انتقل إلى خدمة استعادة كلمة المرور بالخدمة الذاتية (الرابط).,46.46,متوسط
7,كيف استعيد اسم المستخدم وكلمة مرور الحساب الشبكي؟,يجب عليك مراجعة مكتب خدمة العملاء وإحضار الهوية للتحقق من طالب الحساب، أو الاتصال على خدمة العملاء (8080).,يجب عليك زيارة مكتب خدمة العملاء وإحضار الهوية الخاصة بك للتحقق من طالب الحساب، أو الاتصال بخدمة العملاء (8080).,61.51,مرتفع
8,كيف أطلب جهاز كمبيوتر؟,"يتم طلب جهاز الكمبيوتر بتوجيه خطاب من مدير الإدارة أو العميد أو الوكيل إلى إدارة المستودعات، أو إرسالها إلى بريد إدارة المستودعات:
whd@taibahu.edu.sa",يتم طلب الحاسوب عن طريق إرسال خطاب من مدير القسم أو العميد أو الوكيل إلى إدارة المستودعات أو إرساله إلى بريد إدارة المستودعات: whd@taibahu.edu.sa,54.99,متوسط
9,ماهي آلية وشروط الاستفادة من التشغيل الطلابي؟,"يتم ترشيح الطلبة المستهدف تشغيلهم خلال الفصل الدراسي عن طريق كلياتهم أو عن طريق وكالات عمادة شؤون الطلاب، بالتنسيق مع إدارة صندوق الطالب بعمادة شؤون الطلاب.
ينبغي مراعاة عدم السماح للطالب/ــة بالجمع بين فرصتي تشغيل خلال الفصل الدراسي الواحد.
ألا تزيد عدد ساعات العمل لكل جهة عن الساعات المحددة.
ترسل قوائم تشغيل الطالب/ــة لعمادة شؤون الطلاب، لاعتمادها وصرف مستحقات الطالب/ــة بعد نهاية فترة التشغيل.
ترفع كشوف التشغيل بمرفقاتها قبل نهاية الفصل الدراسي بأسبوعين، علماً بأن تأخر الرفع يترتب عليه تأخير صرف المستحقات للفصل الذي يليه.
يحق للطالب/ــة التشغيل بالفصل الدراسي شهرين فقط حسب الضوابط المحددة.",يتم ترشيح الطلاب الراغبين في التوظيف خلال الفصل الدراسي عن طريق كلياتهم أو عن طريق وكالات عمادة شؤون الطلاب، بالتنسيق مع إدارة صندوق الطلاب في عمادة شؤون الطلاب. ويجب مراعاة عدم السماح للطالب بالجمع بين فرصتين وظيفيتين خلال الفصل الدراسي الواحد. ألا يزيد عدد ساعات العمل لكل جهة عن الساعات المحددة. يتم إرسال قوائم توظيف الطالب إلى عمادة شؤون الطلاب لاعتمادها وصرف مستحقات الطالب بعد انتهاء فترة التوظيف. يتم تقديم كشوفات التوظيف ومرفقاتها قبل نهاية الفصل الدراسي بأسبوعين، علماً أن التأخير في التحميل سيؤدي إلى تأخير صرف المستحقات للفصل الدراسي التالي. يحق للطالب العمل خلال الفصل الدراسي لمدة شهرين فقط، وفق الضوابط المحددة.,47.33,متوسط
10,ماهي آلية وشروط الاستفادة من القروض الطلابية؟,"أن يكون الطالب/ــة من طلاب الجامعة المنتظمين خلال الفصل الدراسي الذي تقدم فيه بطلب القرض.
أن يكون الطالب/ــة من الذين تصرف لهم مكافآت.
ألا يقل معدل الطالب/ــة التراكمي في الفصل الدراسي عن 2.50 من 5.
ألا يكون صدر بحق الطالب/ــة عقوبة تأديبية.
الحد الأقصى لقيمة القرض 1000 ريال، وما زاد على ذلك يعرض على إدارة صندوق الطالب.
يقسط المبلغ المقترض على أقساط شهرية لا تقل عن 250 ريال في كل شهر.
ألا يكون لدى الطالب/ــة قرض سابق.
تكون المدة المتبقية لدراسة الطالب/ــة في الجامعة كافية لتغطية مبلغ القرض المطلوب.
يحل موعد سداد كل الأقساط المتبقية دفعة واحدة إذا انتهت علاقة الطالب/ــة بالجامعة سواء بالانسحاب أو التخرج أو الفصل.
في حالة طلب القرض لتأمين جهاز تعليمي، يتم إرفاق عرض بسعر الجهاز المطلوب مصدق من المؤسسة التجارية.",أن يكون الطالب طالباً جامعياً منتظماً خلال الفصل الدراسي الذي يتقدم فيه بطلب الحصول على القرض. أن يكون الطالب ممن تصرف لهم المكافآت. أن لا يقل المعدل التراكمي للطالب في الفصل عن 2.50 من 5. - ألا يكون الطالب قد تعرض لعقوبة تأديبية. الحد الأقصى لقيمة القرض هو 1000 ريال، وأي زيادة عن ذلك يتم تقديمها إلى إدارة صندوق الطلاب. يتم سداد المبلغ المقترض على أقساط شهرية لا تقل عن 250 ريال كل شهر. أن لا يكون لدى الطالب قرض سابق. المدة المتبقية من دراسة الطالب في الجامعة كافية لتغطية مبلغ القرض المطلوب. ويتم سداد جميع الأقساط المتبقية دفعة واحدة في حالة انتهاء علاقة الطالب بالجامعة، سواء بالانسحاب أو التخرج أو الطرد. في حال طلب القرض لتأمين جهاز تعليمي، يتم إرفاق عرض بسعر الجهاز المطلوب معتمد من المؤسسة التجارية.,49.34,متوسط
11,ماهي المستندات المطلوب ارفاقها للحصول على الاعانة؟,"تعبئة نموذج طلب الإعانة.
خطاب مقدم من الطالب/ــة بطلب الإعانة.
سجل العائلة لأفراد الأسرة.
السجل الأكاديمي.
صورة من الهوية الوطنية.
صورة من البطاقة الجامعية.
شهادة تعريف براتب ولي الأمر.
إفادة من الضمان الاجتماعي للأسرة في حال وفاة رب الأسرة.",تعبئة نموذج طلب المساعدة. خطاب مقدم من الطالب لطلب المساعدة. سجل العائلة لأفراد الأسرة. السجل الأكاديمي. نسخة من بطاقة الهوية الوطنية. نسخة من البطاقة الجامعية. شهادة تثبت راتب ولي الأمر. إفادة من الضمان الاجتماعي للأسرة في حالة وفاة رب الأسرة.,52.62,متوسط
12,ماهي آلية وشروط الاستفادة من الاعانة الطلابية؟,"أن يكون الطالب/ــة منتظماً بالجامعة.
أن تكون المكافأة منقطعة لتجاوزها المدة النظامية المسموح بها.
تصرف إعانة مقدارها 500 ريال في حالة انقطاع المكافأة.
أن يحضر الطالب/ــة للإدارة ما يثبت احتياجه/ها للإعانة وفق المستندات المطلوبة لطلب إعانة أعلى من 500 ريال.
ألا يكون صدر بحق الطالب/ــة عقوبة تأديبية.
الحد الأقصى لقيمة القرض 1000 ريال، وما زاد على ذلك يعرض على إدارة صندوق الطالب.
إرفاق الأوراق الرسمية التي تثبت حاجته/ها إلى الإعانة.",أن يكون الطالب منتظماً في الجامعة. يجب أن تنقطع المكافأة لتجاوز المدة النظامية المسموح بها. يتم صرف إعانة مالية قدرها 500 ريال في حالة انقطاع المكافأة. يجب على الطالب أن يحضر إلى الإدارة ما يثبت حاجته للمساعدة حسب المستندات المطلوبة لطلب المساعدة التي تزيد قيمتها عن 500 ريال. - ألا يكون الطالب قد تعرض لعقوبة تأديبية. الحد الأقصى لقيمة القرض هو 1000 ريال، وأي زيادة عن ذلك يتم تقديمها إلى إدارة صندوق الطلاب. إرفاق الأوراق الرسمية التي تثبت حاجته للمساعدة.,35.08,متوسط
13,هل يمكن للطالب/ــة الحصول على العشرة ريالات التي تحسم من المكافأة لصالح صندوق الطالب؟,لا يمكن الحصول عليها، وإنما يعاد صرفها على الأنشطة والبرامج الطلابية والرياضية، ويمكن للطالب/ــة الالتحاق بالنوادي والبرامج للاستفادة منها.,لا يمكن الحصول عليها، ولكن يتم صرفها على الأنشطة والبرامج الطلابية والرياضية، ويمكن للطالب الانضمام إلى الأندية والبرامج للاستفادة منها.,55.02,متوسط
14,هل يصرف لطلبة ذوي الإعاقة مكافأة؟,"نعم يصرف لهم مكافأة، ويتم تحديدها من وزارة الشؤون الاجتماعية على حسب حالة الطالب/ــة مع إضافة بدل إعاقة، وهي كالآتي:
الكفيف: تصرف له مكافأة شهرية مع راتب بالمرتبة الخامسة الدرجة الأولى.
المعاق: وهم فئتان تحددان على حسب نسبة الإعاقة المحددة من قبل وزارة الشؤون الاجتماعية.
متوسطي الإعاقة: تصرف لهم مكافأة شهرية مع بدل 1500 ريال.
شديدي الإعاقة: تصرف لهم مكافأة شهرية مع راتب المرتبة الخامسة الدرجة الأولى.",نعم، يُصرف لهم راتب تحدده وزارة الشؤون الاجتماعية حسب حالة الطالب، مع إضافة بدل الإعاقة، وهو على النحو التالي: الكفيف: يحصل على راتب شهري وراتب المرتبة الخامسة الدرجة الأولى. المعاقون: هناك فئتان يتم تحديدهما حسب نسبة الإعاقة التي تحددها وزارة الشؤون الاجتماعية. ذوي الإعاقات المتوسطة: يصرف لهم راتب شهري مع علاوة قدرها 1500 ريال. ذوي الإعاقة الشديدة: تصرف لهم مكافأة شهرية مع راتب الدرجة الخامسة الدرجة الأولى.,41.74,متوسط
15,ماهي الحالات التي لا تصرف فيها المكافأة؟,"لا تصرف المكافأة للطالب الذي تجاوز المدة النظامية.
تحسب فترة الاعتذار ضمن المدة النظامية.
لا تحسب فترة التأجيل ضمن المدة النظامية.
لا تحسب فترة الانقطاع ضمن المدة النظامية.
تحسب الفصول الدراسية السابقة للطالب المحول من داخل الجامعة، سواء من قسم إلى قسم آخر، أو من كلية إلى كلية داخل الجامعة.
الاعتذار عن الدراسة:
لا تصرف المكافأة للطالب الذي اعتذر عن الدراسة، حيث لا تصرف مكافأة الطالب المعتذر من تاريخ الاعتذار، ولا تسترجع المكافأة التي صرفت له خلال دراسته حتى اعتذاره، ويحتسب فصل الاعتذار ضمن المدة النظامية.
تأجيل الدراسة:
لا تصرف المكافأة للطالب الذي أجل الدراسة، ولا تحسب مدة التأجيل ضمن المدة النظامية.
الحصول على إنذار أكاديمي أو قرار تأديبي:
لا تصرف المكافأة للطالب الذي وجه له إنذار أكاديمياً أو قرار تأديبي.",لا يتم دفع الراتب للطالب الذي تجاوز المدة القانونية. وتحسب فترة الاعتذار ضمن الفترة النظامية. ولا تحتسب فترة التأجيل ضمن الفترة النظامية. ولا تحسب فترة الانقطاع ضمن الفترة النظامية. تحسب الفصول السابقة للطالب المنقول من داخل الجامعة، سواء من قسم إلى قسم آخر، أو من كلية إلى أخرى داخل الجامعة. الاعتذار عن الدراسة: لا تصرف المكافأة للطالب المعتذر عن دراسته، حيث لا تصرف مكافأة الطالب المعتذر من تاريخ الاعتذار، ولا تسترد المكافأة التي صرفت له أثناء دراسته إلا بعد أن يعتذر، ويحسب الفصل الدراسي للاعتذار ضمن المدة النظامية. تأجيل الدراسات: لا تصرف المكافأة للطالب الذي أجل دراسته، ولا تحسب مدة التأجيل ضمن المدة النظامية. الحصول على إنذار أكاديمي أو قرار تأديبي: لا تصرف المكافأة للطالب الذي تعرض للإنذار الأكاديمي أو القرار التأديبي.,70.86,مرتفع
16,هل يصرف للطلبة مكافأة امتياز؟,نعم تصرف مكافأة الامتياز لطلبة البكالوريوس، ومقدارها 1000 ريال للطالب الحاصل على تقدير ممتاز في كل عام دراسي.,نعم تصرف مكافأة التفوق لطلبة البكالوريوس وقدرها 1000 ريال للطالب الحاصل على تقدير ممتاز في كل عام دراسي.,61.27,مرتفع
17,كم المدة النظامية لصرف المكافآت الشهرية لطلبة الكليات؟,حسب الخطة النظامية المعتمدة للتخرج.,وفق الخطة النظامية المعتمدة للتخرج.,63.92,مرتفع
18,ماهي متطلبات الحصول على المكافأة الشهرية؟,"أن يكون الطالب/ــة منتظماً.
عدم وجود إنذار أكاديمي.
وجود جدول دراسي.",أن يكون الطالب منتظماً. لا يوجد تحذير أكاديمي. وجود جدول دراسي.,44.88,متوسط
19,ماهي إجراءات القبول في السكن الجامعي؟,"تحدد إدارة السكن الداخلي الطاقة الاستيعابية للقبول قبل بدء العام الدراسي بوقت كافٍ.
فتح باب التقديم الإلكتروني على السكن يكون بعد إغلاق باب التسجيل في الجامعة والانتهاء من إعلان جميع دفعات المرشحين للقبول حسب الموعد الذي تحدده إدارة السكن.
يتم حصر أسماء المقبولات في السكن واستدعاؤهن قبل بداية الدراسة بأسبوع لتعبئة المستندات والنماذج اللازمة، ويشترط حضور ولي الأمر، ولا يجوز للطالبة تعبئتها دون علم ولي أمرها.
إذا كان ولي أمر الطالبة هو الشخص الذي سيتولى أخذ الطالبة في بداية الإجازات والعطلات الرسمية ولم يوكل وكيلاً ينوب عنه، فيقدم ما يلي:
صورتين من حفيظة النفوس أو بطاقة العائلة موضح فيها إثبات الطالبة أو وثيقة الولاية الشرعية على الطالبة.
صورتين شخصية لولي أمر الطالبة أو الولي الشرعي.
إذا كان لولي أمر الطالبة وكيل ينوب عنه في أخذ الطالبة من السكن في بداية الإجازات والعطل الرسمية، فيقدم الوثائق التالية:
صورتين لحفيظة النفوس أو بطاقة الأحوال للوكيل أو الوكيلة.
وكالة شرعية من المحكمة أو تفويض يعبأ من قبل ولي الأمر أمام إدارة محارم الطالبة.
لا يجوز للوكيل أن يتنازل دون علم الولي الشرعي عن وكالته لوكيل آخر.
يستقبل السكن الطالبات بدءًا من الساعة الثانية ظهرًا يوم السبت لكل بداية دراسة بعد العطلات الدراسية حتى الساعة العاشرة مساءً.
بعد قبول الطالبات في السكن ترفع أسماء الطالبات المقبولات لجهة الاختصاص لاعتمادها.",تحدد إدارة السكن القدرة الاستيعابية للقبول قبل بداية العام الدراسي بوقت طويل. سيتم فتح باب التقديم الإلكتروني للسكن بعد إغلاق باب التسجيل في الجامعة والانتهاء من إعلان كافة دفعات المرشحين للقبول حسب الموعد الذي تحدده إدارة الإسكان. يتم تحديد أسماء المقبولين في الإقامة ويتم استدعاؤهم قبل أسبوع من بدء الدراسة لملء المستندات والنماذج اللازمة. ويشترط حضور ولي الأمر، ولا يجوز للطالبة تعبئتها دون علم ولي أمرها. إذا كان ولي أمر الطالب هو من سيصطحب الطالب في بداية الإجازات والعطلات الرسمية ولم يعين وكيلاً ينوب عنه فيجب عليه توفير ما يلي: نسختين من السجل المدني أو البطاقة العائلية موضح بها إثبات الطالب أو وثيقة الوصاية القانونية على الطالب. صورتان شخصيتان لولي أمر الطالب أو الوصي القانوني. إذا كان ولي أمر الطالبة لديه وكيل ينوب عنه لاستلام الطالبة من مسكنها في بداية الإجازات والعطلات الرسمية، فعليه تقديم المستندات التالية: نسختين من السجل المدني أو بطاقة الهوية للوكيل أو الوكيل. وكالة قانونية من المحكمة أو تفويض مملوء من ولي الأمر أمام إدارة محرم الطالب. لا يجوز للوكيل أن ينقل وكالته إلى وكيل آخر دون علم الولي الشرعي. يستقبل السكن الطالبات من الساعة الثانية ظهراً من يوم السبت لكل بداية الدراسة بعد الإجازة المدرسية وحتى الساعة العاشرة مساءاً. بعد قبول الطالبات في السكن يتم رفع أسماء الطالبات المقبولات إلى الجهة المختصة للاعتماد.,51.77,متوسط
20,هل أستطيع حجز موعد للقاء مسؤول؟,نعم، يتوفر نموذج إلكتروني لطلب مقابلة مسؤول، وسيتم تحديد الموعد المناسب بعد مراجعة الطلب.,نعم، تتوفر استمارة إلكترونية لطلب مقابلة مع أحد المسؤولين، وسيتم تحديد الموعد المناسب بعد دراسة الطلب.,32.22,متوسط
21,كيف يمكنني تقديم شكوى أو ملاحظة؟,"نرحب بملاحظاتكم أو الشكوى المقدمة من خلال البريد الإلكتروني:
tawasul@taibahu.edu.sa
أو عبر زيارة مكتب خدمة المستفيدين مباشرة.",نرحب بتعليقاتكم أو شكاويكم المقدمة عبر البريد الإلكتروني: tawasul@taibahu.edu.sa أو من خلال زيارة مكتب خدمة المستفيدين مباشرة.,57.75,متوسط
22,ما هي ساعات العمل الرسمية لاستقبال المستفيدين؟,نسعد باستقبالكم من الأحد إلى الخميس، من الساعة 8:00 صباحًا وحتى 2:00 ظهرًا.,نسعد باستقبالكم من الأحد إلى الخميس من الساعة 8:00 صباحاً حتى 2:00 بعد الظهر.,46.71,متوسط
23,كيف يمكنني التواصل مع الكلية أو المرشد الأكاديمي؟,يمكنكم التواصل عبر البريد الإلكتروني الجامعي، أو من خلال خدمة المستفيدين التي تقوم بالتوجيه وفق الكلية المعنية.,يمكنكم التواصل عبر البريد الإلكتروني الجامعي، أو عبر خدمة المستفيدين، والتي تقدم التوجيه حسب الكلية المعنية.,38.2,متوسط
24,كيف يمكنني التواصل مع إدارة خدمة المستفيدين؟,"يمكنك التواصل معنا عبر البريد الإلكتروني الرسمي للإدارة أو من خلال نموذج ""اتصل بنا"" الموجود على الموقع.
كما يمكنك الحضور شخصياً خلال ساعات الدوام الرسمي.",يمكنكم التواصل معنا عبر البريد الإلكتروني الرسمي للإدارة أو عبر نموذج “اتصل بنا” الموجود في الموقع. كما يمكنكم الحضور شخصياً خلال ساعات العمل الرسمية.,49.6,متوسط
25,ماهي شروط القبول بالسكن الداخلي؟,"أن تكون الطالبة سعودية.
أن تكون الطالبة منتظمة في الدراسة في إحدى كليات الجامعة أو الدراسات العليا، وأن تسمح التعليمات والطاقة الاستيعابية للسكن بقبولها، ويشترط لقبول طالبة الدراسات العليا العمل لبعض الساعات المكتبية في الإشراف على الطالبات حسب تعليمات إدارة السكن.
أن تكون أسرة الطالبة غير مقيمة في المدينة التي فيها السكن.
ألا يكون صدر بشأنها حكم تأديبي من كليتها أو حرمت من السكن بقرار تأديبي.
أن توقع الطالبة وولي أمرها على الالتزام باللوائح والأنظمة الجامعية بما فيها اللوائح والأنظمة المنظمة للسكن وما يترتب على الخروج عنها.
يشترط لقبول الطالبات الباقيات للإعادة توفر أماكن شاغرة بالسكن وأن يتم تحصيل الرسوم المقررة للإعاشة أو أي رسوم أخرى يلزم بها طالبات السكن.
موافقة ولي الأمر على مشاركة الطالبة في الأنشطة والبرامج والرحلات الرسمية التي تعدها إدارة السكن داخل أو خارج السكن أو ما يستجد من شروط.",أن يكون الطالب سعودياً. أن تكون الطالبة طالبة نظامية في إحدى كليات الجامعة أو الدراسات العليا، ويجب أن تسمح تعليمات وسعة الإقامة بقبولها. يجب على الطالب الخريج أن يعمل بعض الساعات المكتبية في الإشراف على الطالبات حسب تعليمات إدارة السكن. - ألا تكون عائلة الطالبة مقيمة في المدينة التي تقيم فيها. - ألا يكون قد صدر ضدها حكم تأديبي من كليتها أو حرمت من السكن بقرار تأديبي. يجب على الطالبة وولي أمرها التوقيع على تعهد بالأنظمة واللوائح الجامعية، بما في ذلك القواعد واللوائح المنظمة للسكن وعواقب الخروج عنها. يشترط لقبول باقي الطالبات للإعادة توافر أماكن السكن الشاغرة وتحصيل الرسوم المقررة للسكن أو أي رسوم أخرى مطلوبة لسكن الطالبات. موافقة ولي الأمر على مشاركة الطالب في الأنشطة والبرامج والرحلات الرسمية التي أعدتها إدارة الإسكان داخل أو خارج السكن أو أي شروط أخرى.,49.77,متوسط
26,ما هي التصنيفات العالمية التي دخلتها جامعة طيبة؟,جامعة طيبة تميزت بدخول العديد من التصنيفات الدولية المرموقة مثل تصنيف QS، وتصنيف Times Higher Education (THE)، بالإضافة إلى تصنيف Impact Rankings الذي يركز على المساهمة في تحقيق أهداف التنمية المستدامة (SDGs)، وتصنيف UI GreenMetric المتخصص في قياس الأداء البيئي والاستدامة في الجامعات.,وتميزت جامعة طيبة بدخولها العديد من التصنيفات العالمية المرموقة، مثل تصنيف QS، وتصنيف تايمز للتعليم العالي (THE)، بالإضافة إلى تصنيف Impact Rankings الذي يركز على المساهمة في تحقيق أهداف التنمية المستدامة (SDGs)، وتصنيف UI GreenMetric المتخصص في قياس الأداء البيئي والاستدامة في الجامعات.,71.44,مرتفع
27,هل يحق لطلبة المنح الداخلية التقديم على التخصصات الصحية؟,لا يحق لطلبة المنح الداخلية التقديم على التخصصات الصحية.,لا يحق لطلاب المنح الداخلية التقديم على التخصصات الصحية.,70.26,مرتفع
28,متى يتم تفعيل بوابة التسجيل للمنح الخارجية وماهي المستندات المطلوبة؟,"المنح الخارجية يتم التقديم عليها عبر بوابة تعلم في السعودية، ولمزيد من المعلومات يرجى زيارة الرابط:
https://studyinsaudi.moe.gov.sa/",يتم التقديم للمنح الخارجية من خلال بوابة التعلم بالمملكة العربية السعودية. لمزيد من المعلومات، يرجى زيارة الرابط: https://studyinsaudi.moe.gov.sa/,22.67,منخفض
29,هل سيتم الإعلان عن أدنى نسبة تم قبولها للطالب/ـة للمنح الداخلية والخارجية؟,القبول في المنح الداخلية والخارجية مرهون بموافقة وزارة التعليم على الطلب والأعداد المتاحة لهم، وليس فقط النسبة الموزونة.,القبول في المنح الداخلية والخارجية يخضع لموافقة وزارة التربية والتعليم على التقديم والأعداد المتاحة لهم، وليس النسبة المرجحة فقط.,36.16,متوسط
30,هل من الممكن التعديل على بيانات الطالب عند الخطأ في رقم الجوال في المنح الداخلية والخارجية؟,يمكن تعديل البيانات الشخصية وبيانات التواصل للطالب من خلال رابط استكمال البيانات.,ويمكن تعديل المعلومات الشخصية ومعلومات الاتصال الخاصة بالطالب من خلال رابط استكمال البيانات.,30.03,متوسط
31,هل من الممكن تحديد موعد قبول المنح (الخارجية - الداخلية)؟,قبول المنح الداخلية والخارجية يخضع لمعايير عديدة، ويتم بعدها رفع بيانات المرشحين لوزارة التعليم لأخذ الموافقات اللازمة وإبلاغ المقبولين عبر رسائل الجوال أو الإيميل.,يخضع قبول المنح الداخلية والخارجية لعدة معايير، يتم بعدها تقديم بيانات المرشحين إلى وزارة التربية والتعليم للحصول على الموافقات اللازمة وإبلاغ المقبولين عبر رسائل الجوال أو البريد الإلكتروني.,36.49,متوسط
32,هل يحق للطالب الدراسة بنظام الزيارة في جامعة أخرى دون التقيد بإجراءات طلب الزيارة من جامعة طيبة؟,لا، وسيتم طي قيد سجل الطالب وعدم احتساب المقررات التي درسها بجامعة الزيارة.,لا، سيتم حذف سجل الطالب ولن يتم احتساب المقررات التي درسها في الجامعة الزائرة.,27.11,منخفض
33,كم عدد الفصول الدراسية التي يمكنني فيها الدراسة على نظام الزيارة؟,ثلاثة فصول دراسية بما لا يتجاوز 25% من مجموع الخطة الدراسية للطالب.,ثلاثة فصول دراسية بما لا يتجاوز 25% من إجمالي الخطة الدراسية للطالب.,77.14,مرتفع
34,هل يتم احتساب درجات المقررات التي درستها بنظام الزيارة في جامعة أخرى ضمن المعدل التراكمي؟,يتم رصدها كمواد معادلة.,يتم مراقبتها كمواد متكافئة.,16.84,منخفض
35,هل يستطيع الطالب المنذر أكاديمياً الدراسة على نظام الزيارة؟,نعم.,ردّاً على الاستفسار: نعم.,27.89,منخفض
36,هل يمكن تغيير طلبي بعد إغلاق بوابة التحويل؟,لا يمكن.,غير ممكن.,0.0,منخفض
37,هل يمكن التقديم للتحويل من الكليات التطبيقية (دبلوم) إلى الكليات الأخرى أو العكس؟,لا.,ردّاً على الاستفسار: لا.,27.89,منخفض
38,هل يمكن التقديم للتحويل إن كانت حالتي الدراسية زائراً؟,لا.,ردّاً على الاستفسار: لا.,27.89,منخفض
39,هل يمكن التقديم للتحويل إن كانت حالتي الدراسية طي قيد؟,لا.,ردّاً على الاستفسار: لا.,27.89,منخفض
40,هل يمكن التقديم للتحويل إن كانت حالتي الدراسية معتذراً أو مؤجلاً؟,نعم.,ردّاً على الاستفسار: نعم.,27.89,منخفض
41,هل يمكن التقديم للتحويل لمن سبق له التحويل؟,لا، التحويل يكون لمرة واحدة فقط في المرحلة الجامعية.,لا، التحويل يكون مرة واحدة فقط خلال المرحلة الجامعية.,48.14,متوسط
42,ماذا ينبغي أن أفعل بعد صدور النتيجة بالموافقة؟,يرجى مراجعة خطوات التحويل في دليل التحويل الداخلي والخارجي.,ردّاً على الاستفسار: يرجى مراجعة خطوات التحويل في دليل التحويل الداخلي والخارجي.,78.48,مرتفع
43,هل يعني ترشيحي للتحويل قبول نهائي؟,لا، سيتم القبول النهائي بعد المفاضلة لأعلى المعدلات وضوابط الكلية.,لا، سيتم القبول النهائي بعد مقارنتها بأعلى المعدلات وضوابط الكلية.,58.63,متوسط
44,هل يشترط اختبار كفايات اللغة الإنجليزية للتحويل لتخصص اللغة الإنجليزية؟,نعم، يشترط الاختبار على جميع المتقدمين لتخصص اللغة الإنجليزية بدرجة 53 كحد أدنى، وحسب المقاعد الشاغرة.,نعم، الاختبار مطلوب لجميع المتقدمين لتخصص اللغة الإنجليزية بحد أدنى 53 درجة، حسب المقاعد الشاغرة.,27.55,منخفض
45,هل يوجد اختبار قبول أو مقابلة شخصية للتحويل؟ وكيف أعلم بذلك؟,"نعم، ولكن في بعض التخصصات مثل:
كلية الطب
طب الأسنان
التربية
التصاميم والفنون
وسيتم إفادة المتقدم بموعد ومكان الاختبار عن طريق الكلية.",نعم ولكن في بعض التخصصات مثل: كلية الطب طب الأسنان التعليم تصاميم وفنون سيتم إبلاغ المتقدم بموعد ومكان الاختبار من خلال الكلية.,41.28,متوسط
46,هل يمكن التحويل من الكليات النظرية إلى الكليات العلمية؟,"نعم، كلية العلوم بالمدينة فقط وفق الشروط التالية:
أن يكون حاصلًا على الثانوية العامة مسار علمي.
أن يكون حاصلًا على اختبار تحصيلي علمي (للطلاب).
أن يكون هناك مقاعد متاحة.",نعم كلية المدينة للعلوم فقط بالشروط التالية: أن يكون حاصلاً على شهادة الثانوية العامة المسار العلمي. أن يكون لديه اختبار تحصيل دراسي (للطلبة). يجب أن تكون هناك مقاعد متاحة.,32.41,متوسط
47,هل يوجد تحويل من الكليات النظرية إلى الكليات الصحية؟,نعم، كلية التمريض فقط، وحسب المفاضلة لأعلى معدل ووفق ضوابط وشروط الكلية.,نعم كلية التمريض فقط حسب تفضيل أعلى معدل ووفقا لقواعد وشروط الكلية.,18.13,منخفض
48,هل يوجد تحويل من الكليات العلمية إلى الكليات الصحية؟,"نعم:
كلية التمريض بالمدينة
كلية العلوم الطبية التطبيقية بينبع
كلية العلوم الطبية التطبيقية بالعلا
كلية التأهيل الطبي تخصص الأطراف الصناعية والأجهزة المساعدة
وذلك وفق دليل التحويل.",نعم: كلية المدينة للتمريض كلية العلوم الطبية التطبيقية بينبع كلية العلوم الطبية التطبيقية بالعلا كلية التأهيل الطبي متخصصة في الأطراف الصناعية والأجهزة المساعدة وهذا بحسب دليل التحويل.,69.17,مرتفع
49,معدلي عالي ولم أستطع التحويل لبعض التخصصات، لماذا؟,نظراً للإقبال الكبير لهذه التخصصات وبمعدلات عالية جداً، تم وضع حد أدنى للترشيح لهذه التخصصات.,ونظراً لكثرة الطلب على هذه التخصصات والمعدلات المرتفعة جداً، فقد تم وضع حد أدنى للترشيحات لهذه التخصصات.,26.04,منخفض
50,كيف يعرف الطالب نتيجة القبول؟,يجب على الطالب الدخول على حسابه عبر بوابة القبول الإلكتروني في المواعيد المعلنة والمحددة في الجدول الزمني للتقديم، ويساند ذلك إرسال رسائل نصية على جوال الطالب والبريد الإلكتروني.,يجب على الطالب تسجيل الدخول إلى حسابه عبر بوابة القبول الإلكتروني في المواعيد المعلنة والمحددة في جدول التقديم، ويدعم ذلك من خلال إرسال رسائل نصية على الهاتف المحمول والبريد الإلكتروني الخاص بالطالب.,46.83,متوسط
51,طالب دخل اختبار القدرات العامة أكثر من مرة، فماهي النتيجة التي يتم احتسابها في القبول؟,يتم احتساب أعلى نتيجة حصل عليها الطالب في اختبار القدرات العامة.,ردّاً على الاستفسار: يتم احتساب أعلى نتيجة حصل عليها الطالب في اختبار القدرات العامة.,79.95,مرتفع
52,طالب تأخر في ترتيب الرغبات في الموعد المحدد؟,إذا لم يتم ترتيب الرغبات في الفترة المحددة حسب الجدول الزمني للقبول، سيتم إلغاء الترشيح، ولا يحق للمتقدم بعد ذلك المطالبة بالمقعد.,وفي حال عدم ترتيب الطلبات خلال المدة المحددة حسب جدول القبول، سيتم إلغاء الترشيح، ولا يحق للمتقدم المطالبة بالمقعد.,29.43,منخفض
53,ماهي التخصصات المتاحة للقبول بالجامعة؟,يمكنك الدخول على رابط البرامج والتخصصات المتاحة على موقع بوابة القبول الإلكتروني للاطلاع عليها.,ويمكنكم الدخول إلى رابط البرامج والتخصصات المتوفرة على موقع بوابة القبول للاطلاع عليها.,46.99,متوسط
54,ماهي آلية المفاضلة في القبول؟,"يتم القبول عن طريق المفاضلة بين المتقدمين تنافسياً وفقاً لما يلي:
1- النسبة الموزونة.
2- ترتيب الرغبات.
3- توافر المقاعد المتاحة.
4- شروط الكليات.
(موقع الجامعة الرسمي - عمادة القبول والتسجيل - دليل القبول).",يتم القبول من خلال المقارنة التنافسية بين المتقدمين وفقاً لما يلي: 1- النسبة المرجحة. 2- ترتيب الرغبات. 3- توفر المقاعد المتوفرة. 4- شروط الكلية . (الموقع الرسمي للجامعة – عمادة القبول والتسجيل – دليل القبول).,40.31,متوسط
55,ماهي معايير القبول في الجامعة؟,يمكن الاطلاع على معايير القبول من خلال موقع الجامعة.,ويمكن الاطلاع على معايير القبول على موقع الجامعة.,49.29,متوسط
56,طالب سجل العام الماضي ولم يتم قبوله، هل يمكن التسجيل من التقديم القديم أم يلزم التقديم من جديد؟,يتوجب التقديم من جديد من خلال الدخول على بوابة القبول الإلكتروني.,يجب عليك التقديم مرة أخرى عن طريق تسجيل الدخول إلى بوابة القبول الإلكتروني.,17.27,منخفض
57,هل الأولوية في القبول الجامعي للحاصلين على شهادة الثانوية العامة لهذا العام؟,"القبول يتم وفق الشروط المعلنة على موقع الجامعة.
(عمادة القبول والتسجيل - دليل القبول).",القبول يكون حسب الشروط المعلنة على موقع الجامعة. (عمادة القبول والتسجيل – دليل القبول).,73.92,مرتفع
58,هل هناك ميزة لمن قدم في اليوم الأول أو اليوم التالي أو اليوم الأخير، حسب الجدول الزمني؟,لا، المفاضلة تكون حسب النسبة الموزونة والمقاعد المتاحة.,لا، يعتمد التفاضل على النسبة المرجحة والمقاعد المتوفرة.,11.23,منخفض
