question_id,question,reference_answer,generated_answer,q_chunk_match_pct,cosine_similarity_pct,classification,notes
1,ماهو نظام القبول في الجامعة وماذا يعني القبول السنوي؟,قبول المنح الداخلية والخارجية يخضع لمعايير عديدة، ويتم بعدها رفع بيانات المرشحين لوزارة التعليم لأخذ الموافقات اللازمة وإبلاغ المقبولين عبر رسائل الجوال أو الإيميل.,"القسم الأول: مقررات المتطلبات العامة
بعد الاختبار
1. تتولى الكلية المستفيدة تسليم أوراق الإجابة لأستاذ المقرر مباشرة للتصحيح.",52.44,65.61,مرتفع,chunk_id=general_education_elective_courses_policy_cleaned-0044 | from_file=general_education_elective_courses_policy_cleaned.txt | best_answer_cosine over all chunks with q_chunk cos>=0.100 (selected q_ch pct=52.44%)
2,كيف أقوم بطلب بنر (سلايدر) رئيسي متحرك على موقع الجامعة؟,"رفع الإعلان أو الخبر من خلال مسؤول القطاع.
يقوم المركز الإعلامي بالاطلاع على الإعلان أو الخبر المقدم من الجهة من خلال النظام والموافقة عليه.
يقوم المركز الإعلامي بالتواصل مع تقنية المعلومات لطلب وضع بنر (سلايدر) رئيسي على موقع الجامعة مع التزويد برابط الإعلان أو الخبر المطلوب ربطه بالبنر.","ثالثاً: قنوات تقديم الشكوى
- النظام الإلكتروني
- البريد الإلكتروني
- مكاتب الدعم الطلابي
- التواصل المباشر

شرح:
الأفضل استخدام النظام الإلكتروني لأنه موثق وأسهل للمتابعة.",38.1,53.89,متوسط,chunk_id=تنظيم تقديم الشكاوى وضمان العدالة والشفافية للطلاب بالعربي-0005 | from_file=تنظيم تقديم الشكاوى وضمان العدالة والشفافية للطلاب بالعربي.txt | best_answer_cosine over all chunks with q_chunk cos>=0.100 (selected q_ch pct=38.10%)
3,كيف أبحث عن تحويلة موظف؟,"عن طريق الدخول إلى ""دليل المنسوبين"" في موقع الجامعة – تبويب موظفون أو أعضاء هيئة التدريس – المزيد من الخدمات، أو الاتصال على سنترال الجامعة (8888).
اضغط هنا للدخول على قاعدة المعرفة.","المادة الثامنة: الجهة المسؤولة
تتولى عمادة شؤون الطلاب، بالتنسيق مع إدارة الأمن الجامعي والسلامة العامة، ووحدات الكليات، مسؤولية متابعة تنفيذ هذه الضوابط وتلقي البلاغات المتعلقة بها.",23.85,56.4,متوسط,chunk_id=taibah_dress_code_ar-0008 | from_file=taibah_dress_code_ar.txt | best_answer_cosine over all chunks with q_chunk cos>=0.100 (selected q_ch pct=23.85%)
4,أريد إضافة (الصفر) إلى التحويلة؟,"إذا كان طالب الخدمة (وكيل/ة أو رئيس/ة قسم):
رفع خطاب رسمي إلى عمادة تقنية المعلومات بطلب إضافة (الصفر) إلى التحويلة مع ذكر كامل البيانات بالإضافة إلى رقم التحويلة وإرفاق قرار التكليف.
إذا كان طالب الخدمة (موظف/ة):
رفع خطاب رسمي من وكيل/ة القسم إلى عمادة تقنية المعلومات بطلب إضافة (الصفر) إلى التحويلة مع ذكر كامل البيانات بالإضافة إلى رقم التحويلة فقط.","الفصل السادس: التحويل والمعادلة
القواعد التنفيذية للمادة الثالثة والعشرين
5. أن تقدم طلبات التحويل لعمادة القبول والتسجيل خلال الفترة المعلنة في التقويم الجامعي.",33.61,59.48,متوسط,chunk_id=taibah_academic_regulations_ar.txt-0092 | from_file=taibah_academic_regulations_ar.txt.txt | best_answer_cosine over all chunks with q_chunk cos>=0.100 (selected q_ch pct=33.61%)
5,عند تحديث البيانات في الخدمات الذاتية لا يتم قبول البيانات المدخلة في الحقول التي تحتوي على (مجهر / مكبر)؟,"هناك شرح في قاعدة المعرفة (الرابط).
لابد من تعبئة هذا النوع من الحقول عن طريق الضغط على (المجهر/المكبر) والاختيار من القائمة الموجودة، ومن ثم النقر على (انتقال) لكي تظهر الخيارات المتاحة.","القسم الثاني: المقررات الاختيارية الحرة
يندرج ضمن هذا البند عدد من المسؤوليات
٣. ضبط آلية التسجيل التلقائي، وتفعيل خيارات الحذف والإضافة ضمن الفترات الرسمية.",22.35,52.97,متوسط,chunk_id=general_education_elective_courses_policy_cleaned-0056 | from_file=general_education_elective_courses_policy_cleaned.txt | best_answer_cosine over all chunks with q_chunk cos>=0.100 (selected q_ch pct=22.35%)
6,أريد تغيير كلمة مرور الخدمات الذاتية؟,توجه إلى خدمة استعادة كلمة مرور الخدمات الذاتية (الرابط).,"الباب الثالث: الشروط والأنظمة
ثالثاً: ضوابط الدخول والخروج للإسكان الطلابي
6. يمكن الاستفادة من الخدمات الرسمية الإلكترونية مثل أبشر.",32.17,38.18,متوسط,chunk_id=taibah_student_housing_rules_ar-0055 | from_file=taibah_student_housing_rules_ar.txt | best_answer_cosine over all chunks with q_chunk cos>=0.100 (selected q_ch pct=32.17%)
7,كيف استعيد اسم المستخدم وكلمة مرور الحساب الشبكي؟,يجب عليك مراجعة مكتب خدمة العملاء وإحضار الهوية للتحقق من طالب الحساب، أو الاتصال على خدمة العملاء (8080).,"الخطوات
1. تقديم الشكوى
2. مراجعتها
3. معالجتها
4. الرد عليك

شرح:
تستخدمها إذا المشكلة في: التسجيل، الجداول، الخدمات.",21.12,45.01,متوسط,chunk_id=تنظيم تقديم الشكاوى وضمان العدالة والشفافية للطلاب بالعربي-0009 | from_file=تنظيم تقديم الشكاوى وضمان العدالة والشفافية للطلاب بالعربي.txt | best_answer_cosine over all chunks with q_chunk cos>=0.100 (selected q_ch pct=21.12%)
8,كيف أطلب جهاز كمبيوتر؟,"يتم طلب جهاز الكمبيوتر بتوجيه خطاب من مدير الإدارة أو العميد أو الوكيل إلى إدارة المستودعات، أو إرسالها إلى بريد إدارة المستودعات:
whd@taibahu.edu.sa","Steps
1. Submit the request
- Log into the system or the competent authority
- Write the complaint clearly

2. Attach evidence
- Such as: grades, emails, photos, documents

3. Specify the type of complaint
- Academic/Administrative/Behavioral

4. Send the request",32.61,52.64,متوسط,chunk_id=تنظيم تقديم الشكاوى وضمان العدالة والشفافية للطلاب با الانجليزي-0006 | from_file=تنظيم تقديم الشكاوى وضمان العدالة والشفافية للطلاب با الانجليزي.txt | best_answer_cosine over all chunks with q_chunk cos>=0.100 (selected q_ch pct=32.61%)
9,ماهي آلية وشروط الاستفادة من التشغيل الطلابي؟,"يتم ترشيح الطلبة المستهدف تشغيلهم خلال الفصل الدراسي عن طريق كلياتهم أو عن طريق وكالات عمادة شؤون الطلاب، بالتنسيق مع إدارة صندوق الطالب بعمادة شؤون الطلاب.
ينبغي مراعاة عدم السماح للطالب/ــة بالجمع بين فرصتي تشغيل خلال الفصل الدراسي الواحد.
ألا تزيد عدد ساعات العمل لكل جهة عن الساعات المحددة.
ترسل قوائم تشغيل الطالب/ــة لعمادة شؤون الطلاب، لاعتمادها وصرف مستحقات الطالب/ــة بعد نهاية فترة التشغيل.
ترفع كشوف التشغيل بمرفقاتها قبل نهاية الفصل الدراسي بأسبوعين، علماً بأن تأخر الرفع يترتب عليه تأخير صرف المستحقات للفصل الذي يليه.
يحق للطالب/ــة التشغيل بالفصل الدراسي شهرين فقط حسب الضوابط المحددة.","القسم الثاني: المقررات الاختيارية الحرة
٢-٣: ضوابط تسجيل الطالب في المقررات الحرة

١. منع التكرار أو التداخل الأكاديمي: لا يحق للطالب تسجيل مقرر حر إذا كان المقرر ضمن خطته الدراسية، أو مكافئاً لأحد مقررات تخصصه الأكاديمي.

٢. أولوية التسجيل: تُمَنَح الأسبقية لطلبة البرنامج الأصلي للمقرر، وتكون داخل البرنامج للطلبة المنتظمين وفق خططهم الدراسية ثم المتوقع تخرجهم؛ ثم يُفتح التسجيل لطلبة من خارج التخصص شريطة أن يكون المقرر مستحقاً في خطتهم وبالمستوى الدراسي للطالب ودون تعارض.

٣. التنقل بين الكليات: يحق للطالب التسجيل بالمقررات الحرة من أي كلية داخل الجامعة، مع ضرورة عدم وجود تعارض أكاديمي في جدول الطالب، وفي الفرع الذي يدرس به.",61.67,70.37,مرتفع,chunk_id=general_education_elective_courses_policy_cleaned-0049 | from_file=general_education_elective_courses_policy_cleaned.txt | best_answer_cosine over all chunks with q_chunk cos>=0.100 (selected q_ch pct=61.67%)
10,ماهي آلية وشروط الاستفادة من القروض الطلابية؟,"أن يكون الطالب/ــة من طلاب الجامعة المنتظمين خلال الفصل الدراسي الذي تقدم فيه بطلب القرض.
أن يكون الطالب/ــة من الذين تصرف لهم مكافآت.
ألا يقل معدل الطالب/ــة التراكمي في الفصل الدراسي عن 2.50 من 5.
ألا يكون صدر بحق الطالب/ــة عقوبة تأديبية.
الحد الأقصى لقيمة القرض 1000 ريال، وما زاد على ذلك يعرض على إدارة صندوق الطالب.
يقسط المبلغ المقترض على أقساط شهرية لا تقل عن 250 ريال في كل شهر.
ألا يكون لدى الطالب/ــة قرض سابق.
تكون المدة المتبقية لدراسة الطالب/ــة في الجامعة كافية لتغطية مبلغ القرض المطلوب.
يحل موعد سداد كل الأقساط المتبقية دفعة واحدة إذا انتهت علاقة الطالب/ــة بالجامعة سواء بالانسحاب أو التخرج أو الفصل.
في حالة طلب القرض لتأمين جهاز تعليمي، يتم إرفاق عرض بسعر الجهاز المطلوب مصدق من المؤسسة التجارية.","الفصل التاسع: التقديرات
المادة السابعة والثلاثون:
يكون التقدير العام للمعدل التراكمي عند تخرج الطالب بناءً على معدله التراكمي كالآتي:
1. ممتاز: إذا كان المعدل التراكمي لا يقل عن 4.50 من 5.00 أو لا يقل عن 3.50 من 4.00.
2. جيد جداً: إذا كان المعدل التراكمي من 3.75 إلى أقل من 4.50 من 5.00 أو من 2.75 إلى أقل من 3.50 من 4.00.
3. جيد: إذا كان المعدل التراكمي من 2.75 إلى أقل من 3.75 من 5.00 أو من 2.00 إلى أقل من 2.75 من 4.00.
4. مقبول: إذا كان المعدل التراكمي من 2.00 إلى أقل من 2.75 من 5.00 أو من 1.00 إلى أقل من 1.75 من 4.00.",43.63,77.55,مرتفع,chunk_id=taibah_academic_regulations_ar.txt-0153 | from_file=taibah_academic_regulations_ar.txt.txt | best_answer_cosine over all chunks with q_chunk cos>=0.100 (selected q_ch pct=43.63%)
11,ماهي المستندات المطلوب ارفاقها للحصول على الاعانة؟,"تعبئة نموذج طلب الإعانة.
خطاب مقدم من الطالب/ــة بطلب الإعانة.
سجل العائلة لأفراد الأسرة.
السجل الأكاديمي.
صورة من الهوية الوطنية.
صورة من البطاقة الجامعية.
شهادة تعريف براتب ولي الأمر.
إفادة من الضمان الاجتماعي للأسرة في حال وفاة رب الأسرة.","الباب الرابع: الحقوق والالتزامات
ثانياً: التزامات الطلبة المقيمين بالإسكان الطلابي
34. يتم تواصل الطلبة مع مشرف أو مشرفة الإسكان في حال الشكوى أو المقترحات أو الرفع عن طريق صندوق الشكاوى الذي يفتح من قبل مدير أو مديرة الإسكان الطلابي أو عن طريق البريد الإلكتروني أو الرسائل النصية أو أي وسائل أخرى تعتمدها عمادة شؤون الطلاب.",48.74,68.8,مرتفع,chunk_id=taibah_student_housing_rules_ar-0113 | from_file=taibah_student_housing_rules_ar.txt | best_answer_cosine over all chunks with q_chunk cos>=0.100 (selected q_ch pct=48.74%)
12,ماهي آلية وشروط الاستفادة من الاعانة الطلابية؟,"أن يكون الطالب/ــة منتظماً بالجامعة.
أن تكون المكافأة منقطعة لتجاوزها المدة النظامية المسموح بها.
تصرف إعانة مقدارها 500 ريال في حالة انقطاع المكافأة.
أن يحضر الطالب/ــة للإدارة ما يثبت احتياجه/ها للإعانة وفق المستندات المطلوبة لطلب إعانة أعلى من 500 ريال.
ألا يكون صدر بحق الطالب/ــة عقوبة تأديبية.
الحد الأقصى لقيمة القرض 1000 ريال، وما زاد على ذلك يعرض على إدارة صندوق الطالب.
إرفاق الأوراق الرسمية التي تثبت حاجته/ها إلى الإعانة.","الباب الأول: التعريفات والأهداف
التعريفات
11. العقوبة: العقوبة التأديبية المنصوص عليها في قواعد السلوك والانضباط الطلابي بجامعة طيبة.",52.72,66.59,مرتفع,chunk_id=taibah_student_housing_rules_ar-0012 | from_file=taibah_student_housing_rules_ar.txt | best_answer_cosine over all chunks with q_chunk cos>=0.100 (selected q_ch pct=52.72%)
13,هل يمكن للطالب/ــة الحصول على العشرة ريالات التي تحسم من المكافأة لصالح صندوق الطالب؟,لا يمكن الحصول عليها، وإنما يعاد صرفها على الأنشطة والبرامج الطلابية والرياضية، ويمكن للطالب/ــة الالتحاق بالنوادي والبرامج للاستفادة منها.,"القسم الثاني: المقررات الاختيارية الحرة
٢-٣: ضوابط تسجيل الطالب في المقررات الحرة

١. منع التكرار أو التداخل الأكاديمي: لا يحق للطالب تسجيل مقرر حر إذا كان المقرر ضمن خطته الدراسية، أو مكافئاً لأحد مقررات تخصصه الأكاديمي.

٢. أولوية التسجيل: تُمَنَح الأسبقية لطلبة البرنامج الأصلي للمقرر، وتكون داخل البرنامج للطلبة المنتظمين وفق خططهم الدراسية ثم المتوقع تخرجهم؛ ثم يُفتح التسجيل لطلبة من خارج التخصص شريطة أن يكون المقرر مستحقاً في خطتهم وبالمستوى الدراسي للطالب ودون تعارض.

٣. التنقل بين الكليات: يحق للطالب التسجيل بالمقررات الحرة من أي كلية داخل الجامعة، مع ضرورة عدم وجود تعارض أكاديمي في جدول الطالب، وفي الفرع الذي يدرس به.",50.62,57.22,متوسط,chunk_id=general_education_elective_courses_policy_cleaned-0049 | from_file=general_education_elective_courses_policy_cleaned.txt | best_answer_cosine over all chunks with q_chunk cos>=0.100 (selected q_ch pct=50.62%)
14,هل يصرف لطلبة ذوي الإعاقة مكافأة؟,"نعم يصرف لهم مكافأة، ويتم تحديدها من وزارة الشؤون الاجتماعية على حسب حالة الطالب/ــة مع إضافة بدل إعاقة، وهي كالآتي:
الكفيف: تصرف له مكافأة شهرية مع راتب بالمرتبة الخامسة الدرجة الأولى.
المعاق: وهم فئتان تحددان على حسب نسبة الإعاقة المحددة من قبل وزارة الشؤون الاجتماعية.
متوسطي الإعاقة: تصرف لهم مكافأة شهرية مع بدل 1500 ريال.
شديدي الإعاقة: تصرف لهم مكافأة شهرية مع راتب المرتبة الخامسة الدرجة الأولى.","رابعاً: آلية المفاضلة بين المتقدمين في الزيارة الداخلية
تُعطى الأولوية للمستفيدين مباشرة من الضمان الاجتماعي.
في حال توفر مقاعد إضافية، تُخصص للأيتام، وذوي الإعاقة، والفئات المماثلة حسب الطاقة الاستيعابية، وتشمل الفئات المماثلة:
أبناء أسر السجناء.
أبناء الشهداء.
أي فئة أخرى يصدر بشأنها تعميم أو قرار رسمي من وزارة التعليم أو الجهات المختصة.
عند تساوي الطلبات، تكون المفاضلة وفق المعدل التراكمي.
في حال استمرار التساوي، يُعتمد ترتيب أسبقية التقديم الإلكتروني.",59.73,66.25,مرتفع,chunk_id=دليل شروط و إجراءات الدراسة بنظام الزيارة بجامعة طيبة-0011 | from_file=دليل شروط و إجراءات الدراسة بنظام الزيارة بجامعة طيبة.txt | best_answer_cosine over all chunks with q_chunk cos>=0.100 (selected q_ch pct=59.73%)
15,ماهي الحالات التي لا تصرف فيها المكافأة؟,"لا تصرف المكافأة للطالب الذي تجاوز المدة النظامية.
تحسب فترة الاعتذار ضمن المدة النظامية.
لا تحسب فترة التأجيل ضمن المدة النظامية.
لا تحسب فترة الانقطاع ضمن المدة النظامية.
تحسب الفصول الدراسية السابقة للطالب المحول من داخل الجامعة، سواء من قسم إلى قسم آخر، أو من كلية إلى كلية داخل الجامعة.
الاعتذار عن الدراسة:
لا تصرف المكافأة للطالب الذي اعتذر عن الدراسة، حيث لا تصرف مكافأة الطالب المعتذر من تاريخ الاعتذار، ولا تسترجع المكافأة التي صرفت له خلال دراسته حتى اعتذاره، ويحتسب فصل الاعتذار ضمن المدة النظامية.
تأجيل الدراسة:
لا تصرف المكافأة للطالب الذي أجل الدراسة، ولا تحسب مدة التأجيل ضمن المدة النظامية.
الحصول على إنذار أكاديمي أو قرار تأديبي:
لا تصرف المكافأة للطالب الذي وجه له إنذار أكاديمياً أو قرار تأديبي.","الفصل الأول: التعريفات
القاعدة التنفيذية للمادة الأولى
تأجيل الدراسة: عدم تسجيل الطالب أي مقرر في فصل دراسي أو سنة دراسية قادمة ويرغب تأجيل الدراسة فيه أو فيها بطلب من الطالب، ولا تحسب فترة التأجيل ضمن المدة النظامية للتخرج.",15.77,75.64,مرتفع,chunk_id=taibah_academic_regulations_ar.txt-0032 | from_file=taibah_academic_regulations_ar.txt.txt | best_answer_cosine over all chunks with q_chunk cos>=0.100 (selected q_ch pct=15.77%)
16,هل يصرف للطلبة مكافأة امتياز؟,نعم تصرف مكافأة الامتياز لطلبة البكالوريوس، ومقدارها 1000 ريال للطالب الحاصل على تقدير ممتاز في كل عام دراسي.,"الفصل الأول: التعريفات
التقدير العام: وصف مستوى التحصيل العلمي للطالب خلال مدة دراسته في الجامعة.",52.27,56.43,متوسط,chunk_id=taibah_academic_regulations_ar.txt-0016 | from_file=taibah_academic_regulations_ar.txt.txt | best_answer_cosine over all chunks with q_chunk cos>=0.100 (selected q_ch pct=52.27%)
17,كم المدة النظامية لصرف المكافآت الشهرية لطلبة الكليات؟,حسب الخطة النظامية المعتمدة للتخرج.,"الفصل الثالث: أنظمة الدراسة
القواعد التنفيذية للمادة التاسعة عشرة
ج. أن يكون التخرج من البرنامج الدراسي في المدة النظامية المقررة.",55.99,65.49,مرتفع,chunk_id=taibah_academic_regulations_ar.txt-0084 | from_file=taibah_academic_regulations_ar.txt.txt | best_answer_cosine over all chunks with q_chunk cos>=0.100 (selected q_ch pct=55.99%)
18,ماهي متطلبات الحصول على المكافأة الشهرية؟,"أن يكون الطالب/ــة منتظماً.
عدم وجود إنذار أكاديمي.
وجود جدول دراسي.","الفصل الدراسي الثاني
* تُحدث قائمة المقررات والأقسام والكليات المناطة بهم حسب القرارات الواردة من اللجنة الدائمة للمناهج بالجامعة.",22.82,66.07,مرتفع,chunk_id=دليل المقرارات العامه-0029 | from_file=دليل المقرارات العامه.txt | best_answer_cosine over all chunks with q_chunk cos>=0.100 (selected q_ch pct=22.82%)
19,ماهي إجراءات القبول في السكن الجامعي؟,"تحدد إدارة السكن الداخلي الطاقة الاستيعابية للقبول قبل بدء العام الدراسي بوقت كافٍ.
فتح باب التقديم الإلكتروني على السكن يكون بعد إغلاق باب التسجيل في الجامعة والانتهاء من إعلان جميع دفعات المرشحين للقبول حسب الموعد الذي تحدده إدارة السكن.
يتم حصر أسماء المقبولات في السكن واستدعاؤهن قبل بداية الدراسة بأسبوع لتعبئة المستندات والنماذج اللازمة، ويشترط حضور ولي الأمر، ولا يجوز للطالبة تعبئتها دون علم ولي أمرها.
إذا كان ولي أمر الطالبة هو الشخص الذي سيتولى أخذ الطالبة في بداية الإجازات والعطلات الرسمية ولم يوكل وكيلاً ينوب عنه، فيقدم ما يلي:
صورتين من حفيظة النفوس أو بطاقة العائلة موضح فيها إثبات الطالبة أو وثيقة الولاية الشرعية على الطالبة.
صورتين شخصية لولي أمر الطالبة أو الولي الشرعي.
إذا كان لولي أمر الطالبة وكيل ينوب عنه في أخذ الطالبة من السكن في بداية الإجازات والعطل الرسمية، فيقدم الوثائق التالية:
صورتين لحفيظة النفوس أو بطاقة الأحوال للوكيل أو الوكيلة.
وكالة شرعية من المحكمة أو تفويض يعبأ من قبل ولي الأمر أمام إدارة محارم الطالبة.
لا يجوز للوكيل أن يتنازل دون علم الولي الشرعي عن وكالته لوكيل آخر.
يستقبل السكن الطالبات بدءًا من الساعة الثانية ظهرًا يوم السبت لكل بداية دراسة بعد العطلات الدراسية حتى الساعة العاشرة مساءً.
بعد قبول الطالبات في السكن ترفع أسماء الطالبات المقبولات لجهة الاختصاص لاعتمادها.","المادة الرابعة عشرة: الإجراءات المتبعة في حالة الغش
تقوم كل جهة تعليمية بتشكيل لجنة للطلاب وأخرى للطالبات للتحقيق في هذه الحالات برئاسة وكيل أو وكيلة الجهة التعليمية، وعضوية اثنين من أعضاء هيئة التدريس يختارهما عميد أو مدير تلك الجهة، ولا تصح جلسات هذه اللجان إلا بحضور ثلثي أعضائها وتصدر توصياتها بأغلبية أصوات الأعضاء، ويجوز أن يتم التحقيق مع الطالب عن بعد وفق الأنظمة واللوائح ذات العلاقة، وترفع التوصيات للجنة تأديب الطلاب لإقرارها أو تحديد العقوبة المناسبة.
إذا تم ضبط الطالب متلبساً بالغش أو محاولاً للغش، فإنه يتم التحفظ على ورقة اختباره وأداة الغش، ويلزمه رئيس اللجنة أو مراقب الامتحان بمغادرة قاعة الامتحان، ويحرر محضراً بذلك، وله الاستعانة بإدارة الأمن والسلامة، ويقدمه مع المستندات إلى عميد الجهة أو من ينيبه ليحيله خلال ثلاثة أيام عمل إلى لجنة التحقيق للتوصية بالعقوبة المناسبة.
كل من يرتكب مخالفات أخرى (مثل رفع الصوت في القراءة، أو التحدث إلى طالب آخر، أو إخراج الجوال، أو رفض تسليم أوراق الامتحان، وغير ذلك) داخل أماكن الامتحانات ينذره مراقب الامتحان، وفي حالة تكرار المخالفة يلزمه رئيس اللجنة أو مراقب الامتحان بمغادرة القاعة، ويحرر محضراً بذلك، ويقدمه إلى عميد الكلية ليحيله إلى لجنة التحقيق خلال ثلاثة أيام عمل لتوجيه العقوبة المناسبة. وعلى عمادة الكلية أو المعهد أو المركز رفع الحالة وما اتخذ فيها من توصيات إلى لجنة تأديب الطلاب في الجامعة خلال عشرة أيام عمل من تاريخ محضر الضبط.
يراعى في كتابة التقارير والمحاضر الخاصة بالضبط والتحقيق في حالات الغش خلوها من الشطب أو الطمس، وتوقيع الطالب عليها، مع تثبيت تواقيع أعضاء اللجنة المعنية على كل ورقة من أوراق المحاضر أو التقارير.",39.62,72.03,مرتفع,chunk_id=taibah_student_conduct_and_discipline_rules_ar.txt-0016 | from_file=taibah_student_conduct_and_discipline_rules_ar.txt.txt | best_answer_cosine over all chunks with q_chunk cos>=0.100 (selected q_ch pct=39.62%)
20,هل أستطيع حجز موعد للقاء مسؤول؟,نعم، يتوفر نموذج إلكتروني لطلب مقابلة مسؤول، وسيتم تحديد الموعد المناسب بعد مراجعة الطلب.,"القسم الأول: مقررات المتطلبات العامة
قبل الاختبار
2. تُسَلَّم أسئلة الاختبارات مطبوعة ومصوَّرة من مُنسَّق المقرر إلى مُنسَّقي الكليات المستفيدة قبل موعد الاختبار بيومين على الأقل، وتُرسَل إلى الفروع بوقتٍ أبكر يُحدَّد بما يضمن وصولها قبل الموعد بوقتٍ كافٍ، وذلك عبر آلية تسليم مُوثِقة (محضر تسليم/استلام وتتبع).",22.6,53.25,متوسط,chunk_id=general_education_elective_courses_policy_cleaned-0039 | from_file=general_education_elective_courses_policy_cleaned.txt | best_answer_cosine over all chunks with q_chunk cos>=0.100 (selected q_ch pct=22.60%)
21,كيف يمكنني تقديم شكوى أو ملاحظة؟,"نرحب بملاحظاتكم أو الشكوى المقدمة من خلال البريد الإلكتروني:
tawasul@taibahu.edu.sa
أو عبر زيارة مكتب خدمة المستفيدين مباشرة.","القسم الثاني: المقررات الاختيارية الحرة
بيانات التواصل
البريد الإلكتروني: Dar-support@taibahu.edu.sa",25.85,58.7,متوسط,chunk_id=general_education_elective_courses_policy_cleaned-0063 | from_file=general_education_elective_courses_policy_cleaned.txt | best_answer_cosine over all chunks with q_chunk cos>=0.100 (selected q_ch pct=25.85%)
22,ما هي ساعات العمل الرسمية لاستقبال المستفيدين؟,نسعد باستقبالكم من الأحد إلى الخميس، من الساعة 8:00 صباحًا وحتى 2:00 ظهرًا.,"الباب الثالث: الشروط والأنظمة
1. يسمح بدخول الزوار للسكن بحسب الأوقات التالية
- يومي الجمعة والسبت من الساعة 9: 00 صباحاً إلى 9: 00 مساءً.",50.26,59.38,متوسط,chunk_id=taibah_student_housing_rules_ar-0042 | from_file=taibah_student_housing_rules_ar.txt | best_answer_cosine over all chunks with q_chunk cos>=0.100 (selected q_ch pct=50.26%)
23,كيف يمكنني التواصل مع الكلية أو المرشد الأكاديمي؟,يمكنكم التواصل عبر البريد الإلكتروني الجامعي، أو من خلال خدمة المستفيدين التي تقوم بالتوجيه وفق الكلية المعنية.,"ثالثاً: قنوات تقديم الشكوى
- النظام الإلكتروني
- البريد الإلكتروني
- مكاتب الدعم الطلابي
- التواصل المباشر

شرح:
الأفضل استخدام النظام الإلكتروني لأنه موثق وأسهل للمتابعة.",41.45,58.96,متوسط,chunk_id=تنظيم تقديم الشكاوى وضمان العدالة والشفافية للطلاب بالعربي-0005 | from_file=تنظيم تقديم الشكاوى وضمان العدالة والشفافية للطلاب بالعربي.txt | best_answer_cosine over all chunks with q_chunk cos>=0.100 (selected q_ch pct=41.45%)
24,كيف يمكنني التواصل مع إدارة خدمة المستفيدين؟,"يمكنك التواصل معنا عبر البريد الإلكتروني الرسمي للإدارة أو من خلال نموذج ""اتصل بنا"" الموجود على الموقع.
كما يمكنك الحضور شخصياً خلال ساعات الدوام الرسمي.","القسم الثاني: المقررات الاختيارية الحرة
بيانات التواصل
البريد الإلكتروني: Dar-support@taibahu.edu.sa",35.18,52.45,متوسط,chunk_id=general_education_elective_courses_policy_cleaned-0063 | from_file=general_education_elective_courses_policy_cleaned.txt | best_answer_cosine over all chunks with q_chunk cos>=0.100 (selected q_ch pct=35.18%)
25,ماهي شروط القبول بالسكن الداخلي؟,"أن تكون الطالبة سعودية.
أن تكون الطالبة منتظمة في الدراسة في إحدى كليات الجامعة أو الدراسات العليا، وأن تسمح التعليمات والطاقة الاستيعابية للسكن بقبولها، ويشترط لقبول طالبة الدراسات العليا العمل لبعض الساعات المكتبية في الإشراف على الطالبات حسب تعليمات إدارة السكن.
أن تكون أسرة الطالبة غير مقيمة في المدينة التي فيها السكن.
ألا يكون صدر بشأنها حكم تأديبي من كليتها أو حرمت من السكن بقرار تأديبي.
أن توقع الطالبة وولي أمرها على الالتزام باللوائح والأنظمة الجامعية بما فيها اللوائح والأنظمة المنظمة للسكن وما يترتب على الخروج عنها.
يشترط لقبول الطالبات الباقيات للإعادة توفر أماكن شاغرة بالسكن وأن يتم تحصيل الرسوم المقررة للإعاشة أو أي رسوم أخرى يلزم بها طالبات السكن.
موافقة ولي الأمر على مشاركة الطالبة في الأنشطة والبرامج والرحلات الرسمية التي تعدها إدارة السكن داخل أو خارج السكن أو ما يستجد من شروط.","الباب الأول: التعريفات والأهداف
تهدف هذه القواعد إلى ما يلي
1. تهيئة البيئة المناسبة لإقامة الطلبة الجامعيين بناءً على الإمكانيات المتاحة في الإسكان الطلابي.",55.51,77.69,مرتفع,chunk_id=taibah_student_housing_rules_ar-0015 | from_file=taibah_student_housing_rules_ar.txt | best_answer_cosine over all chunks with q_chunk cos>=0.100 (selected q_ch pct=55.51%)
26,ما هي التصنيفات العالمية التي دخلتها جامعة طيبة؟,جامعة طيبة تميزت بدخول العديد من التصنيفات الدولية المرموقة مثل تصنيف QS، وتصنيف Times Higher Education (THE)، بالإضافة إلى تصنيف Impact Rankings الذي يركز على المساهمة في تحقيق أهداف التنمية المستدامة (SDGs)، وتصنيف UI GreenMetric المتخصص في قياس الأداء البيئي والاستدامة في الجامعات.,"الفصل الأول: التعريفات
التقدير العام: وصف مستوى التحصيل العلمي للطالب خلال مدة دراسته في الجامعة.",60.2,51.59,متوسط,chunk_id=taibah_academic_regulations_ar.txt-0016 | from_file=taibah_academic_regulations_ar.txt.txt | best_answer_cosine over all chunks with q_chunk cos>=0.100 (selected q_ch pct=60.20%)
27,هل يحق لطلبة المنح الداخلية التقديم على التخصصات الصحية؟,لا يحق لطلبة المنح الداخلية التقديم على التخصصات الصحية.,"الفصل الحادي عشر: أحكام عامة
القواعد التنفيذية للمادة التاسعة والأربعين
7. لا تمنح الجامعة مكافأة مالية لطالب المرحلة الثانوية عند الدراسة بها.",37.04,41.85,متوسط,chunk_id=taibah_academic_regulations_ar.txt-0191 | from_file=taibah_academic_regulations_ar.txt.txt | best_answer_cosine over all chunks with q_chunk cos>=0.100 (selected q_ch pct=37.04%)
28,متى يتم تفعيل بوابة التسجيل للمنح الخارجية وماهي المستندات المطلوبة؟,"المنح الخارجية يتم التقديم عليها عبر بوابة تعلم في السعودية، ولمزيد من المعلومات يرجى زيارة الرابط:
https://studyinsaudi.moe.gov.sa/","مقدمة:
حرصاً من جامعة طيبة على تعزيز الهوية الوطنية السعودية، وخلق بيئة تعليمية جادة ومنضبطة، فقد تم إعداد هذه الضوابط لتنظيم الزي الخاص بالطلاب والطالبات داخل الحرم الجامعي، بما يعكس القيم الإسلامية والثقافية والاجتماعية والوطنية.",25.69,59.97,متوسط,chunk_id=taibah_dress_code_ar-0001 | from_file=taibah_dress_code_ar.txt | best_answer_cosine over all chunks with q_chunk cos>=0.100 (selected q_ch pct=25.69%)
29,هل سيتم الإعلان عن أدنى نسبة تم قبولها للطالب/ـة للمنح الداخلية والخارجية؟,القبول في المنح الداخلية والخارجية مرهون بموافقة وزارة التعليم على الطلب والأعداد المتاحة لهم، وليس فقط النسبة الموزونة.,"القسم الأول: مقررات المتطلبات العامة
بعد الاختبار
1. تتولى الكلية المستفيدة تسليم أوراق الإجابة لأستاذ المقرر مباشرة للتصحيح.",41.86,55.18,متوسط,chunk_id=general_education_elective_courses_policy_cleaned-0044 | from_file=general_education_elective_courses_policy_cleaned.txt | best_answer_cosine over all chunks with q_chunk cos>=0.100 (selected q_ch pct=41.86%)
30,هل من الممكن التعديل على بيانات الطالب عند الخطأ في رقم الجوال في المنح الداخلية والخارجية؟,يمكن تعديل البيانات الشخصية وبيانات التواصل للطالب من خلال رابط استكمال البيانات.,"ثالثاً: قنوات تقديم الشكوى
- النظام الإلكتروني
- البريد الإلكتروني
- مكاتب الدعم الطلابي
- التواصل المباشر

شرح:
الأفضل استخدام النظام الإلكتروني لأنه موثق وأسهل للمتابعة.",38.37,53.58,متوسط,chunk_id=تنظيم تقديم الشكاوى وضمان العدالة والشفافية للطلاب بالعربي-0005 | from_file=تنظيم تقديم الشكاوى وضمان العدالة والشفافية للطلاب بالعربي.txt | best_answer_cosine over all chunks with q_chunk cos>=0.100 (selected q_ch pct=38.37%)
31,هل من الممكن تحديد موعد قبول المنح (الخارجية - الداخلية)؟,قبول المنح الداخلية والخارجية يخضع لمعايير عديدة، ويتم بعدها رفع بيانات المرشحين لوزارة التعليم لأخذ الموافقات اللازمة وإبلاغ المقبولين عبر رسائل الجوال أو الإيميل.,"القسم الأول: مقررات المتطلبات العامة
بعد الاختبار
1. تتولى الكلية المستفيدة تسليم أوراق الإجابة لأستاذ المقرر مباشرة للتصحيح.",33.17,65.61,مرتفع,chunk_id=general_education_elective_courses_policy_cleaned-0044 | from_file=general_education_elective_courses_policy_cleaned.txt | best_answer_cosine over all chunks with q_chunk cos>=0.100 (selected q_ch pct=33.17%)
32,هل يحق للطالب الدراسة بنظام الزيارة في جامعة أخرى دون التقيد بإجراءات طلب الزيارة من جامعة طيبة؟,لا، وسيتم طي قيد سجل الطالب وعدم احتساب المقررات التي درسها بجامعة الزيارة.,"الفصل الأول: التعريفات
الطالب الزائر: الطالب الذي يقوم بدراسة بعض المقررات الدراسية في جامعة أخرى، أو في فرع من فروع الجامعة التي ينتمي إليها دون تحويله.",63.46,64.83,مرتفع,chunk_id=taibah_academic_regulations_ar.txt-0010 | from_file=taibah_academic_regulations_ar.txt.txt | best_answer_cosine over all chunks with q_chunk cos>=0.100 (selected q_ch pct=63.46%)
33,كم عدد الفصول الدراسية التي يمكنني فيها الدراسة على نظام الزيارة؟,ثلاثة فصول دراسية بما لا يتجاوز 25% من مجموع الخطة الدراسية للطالب.,"الفصل الثالث: أنظمة الدراسة
القواعد التنفيذية للمادة الثامنة
2. يجوز تحديد نمط التعليم بأحد أو بعض أنماط التعليم المستخدمة غير نمط التعليم الحضوري بنسبة لا تقل عن 10% ولا تزيد عن 25% من مجموع المقررات الدراسية بالخطة الدراسية للبرامج ذات نمط التعليم الحضوري.",47.28,63.87,مرتفع,chunk_id=taibah_academic_regulations_ar.txt-0056 | from_file=taibah_academic_regulations_ar.txt.txt | best_answer_cosine over all chunks with q_chunk cos>=0.100 (selected q_ch pct=47.28%)
34,هل يتم احتساب درجات المقررات التي درستها بنظام الزيارة في جامعة أخرى ضمن المعدل التراكمي؟,يتم رصدها كمواد معادلة.,"الفصل السادس: التحويل والمعادلة
القواعد التنفيذية للمادة الرابعة والعشرين
ز. يجوز أن تكون المعادلة لمجموعة من المقررات مع مراعاة الشروط السابقة.",26.32,33.51,متوسط,chunk_id=taibah_academic_regulations_ar.txt-0101 | from_file=taibah_academic_regulations_ar.txt.txt | best_answer_cosine over all chunks with q_chunk cos>=0.100 (selected q_ch pct=26.32%)
35,هل يستطيع الطالب المنذر أكاديمياً الدراسة على نظام الزيارة؟,نعم.,"الباب السادس: أحكام عامة
1. في حال قيام الطالب أو الطالبة بارتكاب مخالفة يتولى مدير أو مديرة الإسكان الطلابي أو من في حكمه، مثل مشرف أو مشرفة الإسكان الطلابي، وموظفو الأمن إثبات الواقعة وتسجيلها في النماذج المخصصة لذلك واستكمال إجراءات رفعها لعميد شؤون الطلاب.
2. يجب على الطالب أو الطالبة الاطلاع على هذه القواعد والالتزام بأحكامها، وعلى إدارة الإسكان الطلابي نشرها في الموقع الإلكتروني لعمادة شؤون الطلاب، إضافة إلى أي طرق أخرى مناسبة.
3. يخضع لهذه القواعد كل طالب أو طالبة مستفيد من خدمات الإسكان الطلابي وبما يتوافق مع الأنظمة الأساسية بجامعة طيبة.
4. الجهة المختصة بالإشراف على تطبيق أحكام هذه القواعد هي إدارة الإسكان الطلابي بعمادة شؤون الطلاب.
5. لا يجوز للطالب أو الطالبة المنسوب له ارتكاب مخالفة لأحكام هذه القواعد الانسحاب من الإسكان أو إخلاء طرفه قبل البت في موضوع المخالفة.
6. لا يعفى الطالب أو الطالبة من العقوبة بحجة عدم علمه بهذه القواعد أو غيرها من اللوائح والتعليمات.
7. تقوم إدارة الإسكان الطلابي بتطبيق أحكام هذه القواعد من خلال الإجراءات النظامية المنصوص عليها أو من خلال ما تقره جهة الاختصاص في الجامعة، كما يجوز لعمادة شؤون الطلاب تشكيل اللجان المطلوبة للتعامل مع الحالات الطارئة وتفتيش الوحدة السكنية التي يشتبه بها دون إبلاغ الطالب أو الطالبة واستدعائه إذا تطلب الأمر واتخاذ الإجراءات النظامية بحقه عندما يستدعي الأمر ذلك.
8. لمجلس الجامعة الحق في إضافة أو إلغاء أو تعديل أي من مواد هذه القواعد وله حق تفسيرها.
9. يعمل بهذه القواعد اعتباراً من تاريخ اعتمادها من مجلس الجامعة ويلغي كل ما يتعارض معها من لوائح أو قرارات أو تعليمات سابقة.",36.32,31.82,متوسط,chunk_id=taibah_student_housing_rules_ar-0119 | from_file=taibah_student_housing_rules_ar.txt | best_answer_cosine over all chunks with q_chunk cos>=0.100 (selected q_ch pct=36.32%)
36,هل يمكن تغيير طلبي بعد إغلاق بوابة التحويل؟,لا يمكن.,"الباب الرابع: الحقوق والالتزامات
ثانياً: التزامات الطلبة المقيمين بالإسكان الطلابي
9. عدم السماح بدخول الحيوانات أو الطيور بكافة أنواعها أو الآلات الموسيقية.",16.02,30.74,متوسط,chunk_id=taibah_student_housing_rules_ar-0088 | from_file=taibah_student_housing_rules_ar.txt | best_answer_cosine over all chunks with q_chunk cos>=0.100 (selected q_ch pct=16.02%)
37,هل يمكن التقديم للتحويل من الكليات التطبيقية (دبلوم) إلى الكليات الأخرى أو العكس؟,لا.,"الفصل الثامن: الاختبارات
القواعد التنفيذية للمادة الثلاثين
المادة الحادية والثلاثون:
الطالب الغائب عن الاختبار النهائي تكون درجته صفراً في اختبار المقرر الدراسي الذي يغيب عنه، ويحسب تقديره في ذلك المقرر الدراسي على أساس درجات الأعمال الفصلية التي حصل عليها.",23.25,32.65,متوسط,chunk_id=taibah_academic_regulations_ar.txt-0143 | from_file=taibah_academic_regulations_ar.txt.txt | best_answer_cosine over all chunks with q_chunk cos>=0.100 (selected q_ch pct=23.25%)
38,هل يمكن التقديم للتحويل إن كانت حالتي الدراسية زائراً؟,لا.,"الفصل الثامن: الاختبارات
القواعد التنفيذية للمادة الثلاثين
المادة الحادية والثلاثون:
الطالب الغائب عن الاختبار النهائي تكون درجته صفراً في اختبار المقرر الدراسي الذي يغيب عنه، ويحسب تقديره في ذلك المقرر الدراسي على أساس درجات الأعمال الفصلية التي حصل عليها.",33.35,32.65,متوسط,chunk_id=taibah_academic_regulations_ar.txt-0143 | from_file=taibah_academic_regulations_ar.txt.txt | best_answer_cosine over all chunks with q_chunk cos>=0.100 (selected q_ch pct=33.35%)
39,هل يمكن التقديم للتحويل إن كانت حالتي الدراسية طي قيد؟,لا.,"الفصل الثامن: الاختبارات
القواعد التنفيذية للمادة الثلاثين
المادة الحادية والثلاثون:
الطالب الغائب عن الاختبار النهائي تكون درجته صفراً في اختبار المقرر الدراسي الذي يغيب عنه، ويحسب تقديره في ذلك المقرر الدراسي على أساس درجات الأعمال الفصلية التي حصل عليها.",43.91,32.65,متوسط,chunk_id=taibah_academic_regulations_ar.txt-0143 | from_file=taibah_academic_regulations_ar.txt.txt | best_answer_cosine over all chunks with q_chunk cos>=0.100 (selected q_ch pct=43.91%)
40,هل يمكن التقديم للتحويل إن كانت حالتي الدراسية معتذراً أو مؤجلاً؟,نعم.,"الباب السادس: أحكام عامة
1. في حال قيام الطالب أو الطالبة بارتكاب مخالفة يتولى مدير أو مديرة الإسكان الطلابي أو من في حكمه، مثل مشرف أو مشرفة الإسكان الطلابي، وموظفو الأمن إثبات الواقعة وتسجيلها في النماذج المخصصة لذلك واستكمال إجراءات رفعها لعميد شؤون الطلاب.
2. يجب على الطالب أو الطالبة الاطلاع على هذه القواعد والالتزام بأحكامها، وعلى إدارة الإسكان الطلابي نشرها في الموقع الإلكتروني لعمادة شؤون الطلاب، إضافة إلى أي طرق أخرى مناسبة.
3. يخضع لهذه القواعد كل طالب أو طالبة مستفيد من خدمات الإسكان الطلابي وبما يتوافق مع الأنظمة الأساسية بجامعة طيبة.
4. الجهة المختصة بالإشراف على تطبيق أحكام هذه القواعد هي إدارة الإسكان الطلابي بعمادة شؤون الطلاب.
5. لا يجوز للطالب أو الطالبة المنسوب له ارتكاب مخالفة لأحكام هذه القواعد الانسحاب من الإسكان أو إخلاء طرفه قبل البت في موضوع المخالفة.
6. لا يعفى الطالب أو الطالبة من العقوبة بحجة عدم علمه بهذه القواعد أو غيرها من اللوائح والتعليمات.
7. تقوم إدارة الإسكان الطلابي بتطبيق أحكام هذه القواعد من خلال الإجراءات النظامية المنصوص عليها أو من خلال ما تقره جهة الاختصاص في الجامعة، كما يجوز لعمادة شؤون الطلاب تشكيل اللجان المطلوبة للتعامل مع الحالات الطارئة وتفتيش الوحدة السكنية التي يشتبه بها دون إبلاغ الطالب أو الطالبة واستدعائه إذا تطلب الأمر واتخاذ الإجراءات النظامية بحقه عندما يستدعي الأمر ذلك.
8. لمجلس الجامعة الحق في إضافة أو إلغاء أو تعديل أي من مواد هذه القواعد وله حق تفسيرها.
9. يعمل بهذه القواعد اعتباراً من تاريخ اعتمادها من مجلس الجامعة ويلغي كل ما يتعارض معها من لوائح أو قرارات أو تعليمات سابقة.",29.92,31.82,متوسط,chunk_id=taibah_student_housing_rules_ar-0119 | from_file=taibah_student_housing_rules_ar.txt | best_answer_cosine over all chunks with q_chunk cos>=0.100 (selected q_ch pct=29.92%)
41,هل يمكن التقديم للتحويل لمن سبق له التحويل؟,لا، التحويل يكون لمرة واحدة فقط في المرحلة الجامعية.,"الفصل السادس: التحويل والمعادلة
القواعد التنفيذية للمادة الخامسة والعشرين
د. ألا يكون التحويل من درجة علمية إلى درجة علمية أعلى منها.
هـ. أن يكون التحويل لمرة واحدة فقط خلال فترة دراسة الطالب في الجامعة.",52.06,61.95,مرتفع,chunk_id=taibah_academic_regulations_ar.txt-0113 | from_file=taibah_academic_regulations_ar.txt.txt | best_answer_cosine over all chunks with q_chunk cos>=0.100 (selected q_ch pct=52.06%)
42,ماذا ينبغي أن أفعل بعد صدور النتيجة بالموافقة؟,يرجى مراجعة خطوات التحويل في دليل التحويل الداخلي والخارجي.,"الفصل السادس: التحويل والمعادلة
القواعد التنفيذية للمادة الخامسة والعشرين
د. ألا يكون التحويل من درجة علمية إلى درجة علمية أعلى منها.
هـ. أن يكون التحويل لمرة واحدة فقط خلال فترة دراسة الطالب في الجامعة.",21.14,53.56,متوسط,chunk_id=taibah_academic_regulations_ar.txt-0113 | from_file=taibah_academic_regulations_ar.txt.txt | best_answer_cosine over all chunks with q_chunk cos>=0.100 (selected q_ch pct=21.14%)
43,هل يعني ترشيحي للتحويل قبول نهائي؟,لا، سيتم القبول النهائي بعد المفاضلة لأعلى المعدلات وضوابط الكلية.,"الفصل الحادي عشر: أحكام عامة
المادة الرابعة والأربعون:
مع عدم الإخلال بأحكام هذه اللائحة وشروط وضوابط القبول في الجامعة، للجامعة قبول من مضى على حصوله على الثانوية العامة أو ما يعادلها مدة تزيد على خمس سنوات إذا توافرت أسباب مقنعة، كما يجوز أن يكون ذلك بمقابل مالي وفق ضوابط يضعها مجلس شؤون الجامعات.",40.37,57.65,متوسط,chunk_id=taibah_academic_regulations_ar.txt-0176 | from_file=taibah_academic_regulations_ar.txt.txt | best_answer_cosine over all chunks with q_chunk cos>=0.100 (selected q_ch pct=40.37%)
44,هل يشترط اختبار كفايات اللغة الإنجليزية للتحويل لتخصص اللغة الإنجليزية؟,نعم، يشترط الاختبار على جميع المتقدمين لتخصص اللغة الإنجليزية بدرجة 53 كحد أدنى، وحسب المقاعد الشاغرة.,"الفصل الثامن: الاختبارات
القواعد التنفيذية للمادة الثلاثين
المادة الحادية والثلاثون:
الطالب الغائب عن الاختبار النهائي تكون درجته صفراً في اختبار المقرر الدراسي الذي يغيب عنه، ويحسب تقديره في ذلك المقرر الدراسي على أساس درجات الأعمال الفصلية التي حصل عليها.",39.33,61.83,مرتفع,chunk_id=taibah_academic_regulations_ar.txt-0143 | from_file=taibah_academic_regulations_ar.txt.txt | best_answer_cosine over all chunks with q_chunk cos>=0.100 (selected q_ch pct=39.33%)
45,هل يوجد اختبار قبول أو مقابلة شخصية للتحويل؟ وكيف أعلم بذلك؟,"نعم، ولكن في بعض التخصصات مثل:
كلية الطب
طب الأسنان
التربية
التصاميم والفنون
وسيتم إفادة المتقدم بموعد ومكان الاختبار عن طريق الكلية.","تهذيب الجانب السلوكي والأخلاقي ورفع مستوى القيم الإنسانية
تزويد الطالب بالمهارات الوظيفية التقنية المختلفة؛ ليكون مؤهلاً وصالحاً لخوض التجربة الوظيفية والدخول في سوق العمل.

تضم مقررات المتطلبات العامة سلالاً من المقررات الجامعية في مختلف التخصصات تم توزيعها في ثماني سلال.",37.47,50.86,متوسط,chunk_id=دليل المقرارات العامه-0002 | from_file=دليل المقرارات العامه.txt | best_answer_cosine over all chunks with q_chunk cos>=0.100 (selected q_ch pct=37.47%)
46,هل يمكن التحويل من الكليات النظرية إلى الكليات العلمية؟,"نعم، كلية العلوم بالمدينة فقط وفق الشروط التالية:
أن يكون حاصلًا على الثانوية العامة مسار علمي.
أن يكون حاصلًا على اختبار تحصيلي علمي (للطلاب).
أن يكون هناك مقاعد متاحة.","الفصل الأول: التعريفات
التقدير العام: وصف مستوى التحصيل العلمي للطالب خلال مدة دراسته في الجامعة.",51.98,66.79,مرتفع,chunk_id=taibah_academic_regulations_ar.txt-0016 | from_file=taibah_academic_regulations_ar.txt.txt | best_answer_cosine over all chunks with q_chunk cos>=0.100 (selected q_ch pct=51.98%)
47,هل يوجد تحويل من الكليات النظرية إلى الكليات الصحية؟,نعم، كلية التمريض فقط، وحسب المفاضلة لأعلى معدل ووفق ضوابط وشروط الكلية.,"الباب الأول: التعريفات والأهداف
التعريفات
1. الجامعة: جامعة طيبة.",39.92,42.55,متوسط,chunk_id=taibah_student_housing_rules_ar-0002 | from_file=taibah_student_housing_rules_ar.txt | best_answer_cosine over all chunks with q_chunk cos>=0.100 (selected q_ch pct=39.92%)
48,هل يوجد تحويل من الكليات العلمية إلى الكليات الصحية؟,"نعم:
كلية التمريض بالمدينة
كلية العلوم الطبية التطبيقية بينبع
كلية العلوم الطبية التطبيقية بالعلا
كلية التأهيل الطبي تخصص الأطراف الصناعية والأجهزة المساعدة
وذلك وفق دليل التحويل.","مقدمة
عزيزي الطالب/الطالبة،

يسر برنامج دكتور الصيدلة في كلية الصيدلة - جامعة طيبة أن يقدم لك هذا الدليل الإرشادي الأكاديمي، الذي يمثل مرجعاً عملياً وميسّراً يهدف إلى دعمك في تحقيق أفضل مستويات الأداء الأكاديمي، والتكيف الإيجابي مع متطلبات البيئة الجامعية.

يأتي هذا الدليل منسجماً مع رسالة البرنامج وبما يتوافق مع رؤية المملكة 2030. ويهدف الإرشاد الأكاديمي إلى مساعدتك في اتخاذ قرارات أكاديمية مدروسة، وتجاوز التحديات التي قد تواجهك خلال رحلتك الدراسية، من خلال توفير الدعم الأكاديمي والنفسي والاجتماعي.

يحتوي الدليل على معلومات مهمة تشمل أنظمة الدراسة، وأدوار المرشد الأكاديمي، وحقوقك وواجباتك، بالإضافة إلى قنوات الدعم المتاحة لك داخل الكلية والجامعة.",48.75,50.77,متوسط,chunk_id=pharmd_student_guide_ar_cleaned-0002 | from_file=pharmd_student_guide_ar_cleaned.txt | best_answer_cosine over all chunks with q_chunk cos>=0.100 (selected q_ch pct=48.75%)
49,معدلي عالي ولم أستطع التحويل لبعض التخصصات، لماذا؟,نظراً للإقبال الكبير لهذه التخصصات وبمعدلات عالية جداً، تم وضع حد أدنى للترشيح لهذه التخصصات.,"الشروط الإضافية
1. إتمام 60% على الأقل من متطلبات التخرج في جامعة طيبة.
2. ألا يكون الطالب قد رسب في أي مقرر دراسي.
3. ألا يكون قد تعرض لأي عقوبة تأديبية.

مرتبة الشرف الثانية: المعدل التراكمي المطلوب (من 5.00): 4.25 - أقل من 4.75",42.7,52.92,متوسط,chunk_id=pharmd_student_guide_ar_cleaned-0013 | from_file=pharmd_student_guide_ar_cleaned.txt | best_answer_cosine over all chunks with q_chunk cos>=0.100 (selected q_ch pct=42.70%)
50,كيف يعرف الطالب نتيجة القبول؟,يجب على الطالب الدخول على حسابه عبر بوابة القبول الإلكتروني في المواعيد المعلنة والمحددة في الجدول الزمني للتقديم، ويساند ذلك إرسال رسائل نصية على جوال الطالب والبريد الإلكتروني.,"أحكام عامة
جميع الطلبات تُقدَّم إلكترونياً فقط، ولا تُقبل المعاملات الورقية.
يخضع الطالب لجميع الأنظمة واللوائح في الجامعة.
تُحدد الكليات الطاقة الاستيعابية لقبول الطلاب والطالبات الزائرين في كل فصل دراسي.",46.4,56.58,متوسط,chunk_id=دليل شروط و إجراءات الدراسة بنظام الزيارة بجامعة طيبة-0012 | from_file=دليل شروط و إجراءات الدراسة بنظام الزيارة بجامعة طيبة.txt | best_answer_cosine over all chunks with q_chunk cos>=0.100 (selected q_ch pct=46.40%)
51,طالب دخل اختبار القدرات العامة أكثر من مرة، فماهي النتيجة التي يتم احتسابها في القبول؟,يتم احتساب أعلى نتيجة حصل عليها الطالب في اختبار القدرات العامة.,"الفصل الأول: التعريفات
درجة الاختبار النهائي: الدرجة التي يحصل عليها الطالب في كل مقرر دراسي في الاختبار النهائي.",65.27,67.93,مرتفع,chunk_id=taibah_academic_regulations_ar.txt-0007 | from_file=taibah_academic_regulations_ar.txt.txt | best_answer_cosine over all chunks with q_chunk cos>=0.100 (selected q_ch pct=65.27%)
52,طالب تأخر في ترتيب الرغبات في الموعد المحدد؟,إذا لم يتم ترتيب الرغبات في الفترة المحددة حسب الجدول الزمني للقبول، سيتم إلغاء الترشيح، ولا يحق للمتقدم بعد ذلك المطالبة بالمقعد.,"الفصل الثالث: أنظمة الدراسة
القواعد التنفيذية للمادة السابعة عشرة
5. لا يسمح للطالب الانسحاب من المقرر في حال حصل على حرمان في المقرر.",39.21,56.57,متوسط,chunk_id=taibah_academic_regulations_ar.txt-0073 | from_file=taibah_academic_regulations_ar.txt.txt | best_answer_cosine over all chunks with q_chunk cos>=0.100 (selected q_ch pct=39.21%)
53,ماهي التخصصات المتاحة للقبول بالجامعة؟,يمكنك الدخول على رابط البرامج والتخصصات المتاحة على موقع بوابة القبول الإلكتروني للاطلاع عليها.,"الفصل الأول: التعريفات
برنامج الترقية الأكاديمية الدراسية (التجسير): البرنامج المصمم لإكمال الدراسة من الدبلوم إلى البكالوريوس.",62.51,49.76,متوسط,chunk_id=taibah_academic_regulations_ar.txt-0004 | from_file=taibah_academic_regulations_ar.txt.txt | best_answer_cosine over all chunks with q_chunk cos>=0.100 (selected q_ch pct=62.51%)
54,ماهي آلية المفاضلة في القبول؟,"يتم القبول عن طريق المفاضلة بين المتقدمين تنافسياً وفقاً لما يلي:
1- النسبة الموزونة.
2- ترتيب الرغبات.
3- توافر المقاعد المتاحة.
4- شروط الكليات.
(موقع الجامعة الرسمي - عمادة القبول والتسجيل - دليل القبول).","برامج البكالوريوس والدبلوم الجديدة من العام الجامعي 1447هـ
شروط الترشيح للقبول في برامج وكليات الجامعة وفروعها للعام الجامعي 1447هـ",43.07,72.47,مرتفع,chunk_id=دليل القبول-0001 | from_file=دليل القبول.txt | best_answer_cosine over all chunks with q_chunk cos>=0.100 (selected q_ch pct=43.07%)
55,ماهي معايير القبول في الجامعة؟,يمكن الاطلاع على معايير القبول من خلال موقع الجامعة.,"برامج البكالوريوس والدبلوم الجديدة من العام الجامعي 1447هـ
شروط الترشيح للقبول في برامج وكليات الجامعة وفروعها للعام الجامعي 1447هـ",77.56,69.01,مرتفع,chunk_id=دليل القبول-0001 | from_file=دليل القبول.txt | best_answer_cosine over all chunks with q_chunk cos>=0.100 (selected q_ch pct=77.56%)
56,طالب سجل العام الماضي ولم يتم قبوله، هل يمكن التسجيل من التقديم القديم أم يلزم التقديم من جديد؟,يتوجب التقديم من جديد من خلال الدخول على بوابة القبول الإلكتروني.,"الباب الثالث: الشروط والأنظمة
ثالثاً: ضوابط الدخول والخروج للإسكان الطلابي
6. يمكن الاستفادة من الخدمات الرسمية الإلكترونية مثل أبشر.",37.77,44.72,متوسط,chunk_id=taibah_student_housing_rules_ar-0055 | from_file=taibah_student_housing_rules_ar.txt | best_answer_cosine over all chunks with q_chunk cos>=0.100 (selected q_ch pct=37.77%)
57,هل الأولوية في القبول الجامعي للحاصلين على شهادة الثانوية العامة لهذا العام؟,"القبول يتم وفق الشروط المعلنة على موقع الجامعة.
(عمادة القبول والتسجيل - دليل القبول).","الفصل الحادي عشر: أحكام عامة
القواعد التنفيذية للمادة الرابعة والأربعين
2. يعتمد مجلس الجامعة بناءً على اقتراح عمادة القبول والتسجيل ضوابط وشروط القبول في الجامعة وبما لا يتعارض مع الوارد في المادة الحادية عشرة من هذه اللائحة وقواعدها التنفيذية وذلك لمن مضى على حصوله على الثانوية العامة أو ما يعادلها مدة تزيد على خمس سنوات، بما في ذلك إمكانية الحصول على مقابل مالي وفق الضوابط المقررة من مجلس شؤون الجامعات.",60.2,69.13,مرتفع,chunk_id=taibah_academic_regulations_ar.txt-0178 | from_file=taibah_academic_regulations_ar.txt.txt | best_answer_cosine over all chunks with q_chunk cos>=0.100 (selected q_ch pct=60.20%)
58,هل هناك ميزة لمن قدم في اليوم الأول أو اليوم التالي أو اليوم الأخير، حسب الجدول الزمني؟,لا، المفاضلة تكون حسب النسبة الموزونة والمقاعد المتاحة.,"رابعاً: آلية المفاضلة بين المتقدمين في الزيارة الداخلية
تُعطى الأولوية للمستفيدين مباشرة من الضمان الاجتماعي.
في حال توفر مقاعد إضافية، تُخصص للأيتام، وذوي الإعاقة، والفئات المماثلة حسب الطاقة الاستيعابية، وتشمل الفئات المماثلة:
أبناء أسر السجناء.
أبناء الشهداء.
أي فئة أخرى يصدر بشأنها تعميم أو قرار رسمي من وزارة التعليم أو الجهات المختصة.
عند تساوي الطلبات، تكون المفاضلة وفق المعدل التراكمي.
في حال استمرار التساوي، يُعتمد ترتيب أسبقية التقديم الإلكتروني.",21.14,56.61,متوسط,chunk_id=دليل شروط و إجراءات الدراسة بنظام الزيارة بجامعة طيبة-0011 | from_file=دليل شروط و إجراءات الدراسة بنظام الزيارة بجامعة طيبة.txt | best_answer_cosine over all chunks with q_chunk cos>=0.100 (selected q_ch pct=21.14%)
